"S.No.","State","Disaster","Date","No. of Districts Affected","Villages Affected","Population Affected","Deaths","Injured","Missing","Houses Damaged","Animal Deaths","Crop Affected (Ha)","Infrastructure Affected","Rainfall (mm)","People Evacuated","Relief Camps","Camp Inmates"
"1","Himachal Pradesh","Air, Road and Rail Accidents","31-12-2025","1","0","0","1","0","0","0","0","0.00","0","1.10","0","0","0"
"2","Uttarakhand","Air, Road and Rail Accidents","31-12-2025","1","0","0","0","1","0","0","0","0.00","0","0.00","0","0","0"
"3","Jammu and Kashmir","Air, Road and Rail Accidents","31-12-2025","1","0","0","0","0","0","0","0","0.00","0","5.20","0","0","0"
"4","Sikkim","Heavy Rain","31-12-2025","1","3","13","0","0","0","0","0","0.00","0","1.00","0","0","0"
"5","Puducherry","Heavy Rain","31-12-2025","4","0","0","0","0","0","0","0","0.00","0","1.00","0","0","0"
"6","Himachal Pradesh","Air, Road and Rail Accidents","30-12-2025","1","0","0","1","6","0","0","0","0.00","0","0.00","0","0","0"
"7","Himachal Pradesh","Bear attack","30-12-2025","1","1","2","0","2","0","0","0","0.00","0","0.00","0","0","0"
"8","Himachal Pradesh","Industrial Incident and Road Accident","30-12-2025","1","0","6","3","3","0","0","0","131.30","0","0.00","0","0","0"
"9","Jammu and Kashmir","Air, Road and Rail Accidents","30-12-2025","1","0","0","0","0","0","0","0","0.00","0","0.40","0","0","0"
"10","Puducherry","Heavy Rain","30-12-2025","4","0","0","0","0","0","0","0","0.00","0","0.00","0","0","0"
"11","Uttarakhand","Air, Road and Rail Accidents","30-12-2025","1","0","0","7","10","0","0","0","0.00","0","0.00","0","0","0"
"12","Uttarakhand","tree fall","30-12-2025","1","0","0","0","3","0","0","0","0.00","0","0.00","0","0","0"
"13","Himachal Pradesh","Air, Road and Rail Accidents","29-12-2025","1","0","0","0","1","0","0","0","0.00","0","0.00","0","0","0"
"14","Himachal Pradesh","An accident occurred during paragliding","29-12-2025","1","0","0","0","1","0","0","0","0.00","0","0.00","0","0","0"
"15","Puducherry","Heavy Rain","29-12-2025","4","0","0","0","0","0","0","0","0.00","0","0.00","0","0","0"
"16","Sikkim","Landslides and Mudflows","29-12-2025","1","1","10","0","0","0","1","0","0.00","0","0.00","0","0","0"
"17","Himachal Pradesh","Other","28-12-2025","1","0","0","1","0","0","0","0","0.00","0","0.00","0","0","0"
"18","Puducherry","Heavy Rain","28-12-2025","4","0","0","0","0","0","0","0","0.00","0","0.00","0","0","0"
"19","Uttarakhand","Air, Road and Rail Accidents","27-12-2025","4","0","0","1","5","0","0","0","0.00","0","0.00","0","0","0"
"20","Puducherry","Heavy Rain","27-12-2025","4","0","0","0","0","0","0","0","0.00","0","0.00","0","0","0"
"21","Himachal Pradesh","Fire Incident","27-12-2025","1","2","100","0","0","0","0","0","0.00","0","0.00","0","1","80"
"22","Andhra Pradesh","Air, Road and Rail Accidents","26-12-2025","1","0","0","3","1","0","0","0","0.00","0","0.00","0","0","0"
"23","Himachal Pradesh","Air, Road and Rail Accidents","26-12-2025","2","1","1","1","2","0","0","0","0.00","0","0.00","0","0","0"
"24","Himachal Pradesh","Village Fire","26-12-2025","1","0","0","0","0","0","1","0","0.00","0","0.00","0","0","0"
"25","Puducherry","Heavy Rain","26-12-2025","4","0","0","0","0","0","0","0","0.00","0","0.00","0","0","0"
"26","Uttarakhand","Air, Road and Rail Accidents","26-12-2025","1","0","0","1","0","0","0","0","0.00","0","0.00","0","0","0"
"27","Uttarakhand","Animal Attack ","26-12-2025","1","0","0","1","0","0","0","0","0.00","0","0.00","0","0","0"
"28","Himachal Pradesh","Air, Road and Rail Accidents","25-12-2025","2","0","0","2","1","0","0","0","0.00","0","0.00","0","0","0"
"29","Himachal Pradesh","Electrical Disasters and fires","25-12-2025","1","0","0","0","0","0","1","0","0.00","1","0.00","0","0","0"
"30","Himachal Pradesh","Fall from Height","25-12-2025","1","0","0","1","0","0","0","0","0.00","0","0.00","0","0","0"
"31","Himachal Pradesh","Snake bite","25-12-2025","1","0","0","0","0","0","0","1","0.00","0","0.00","0","0","0"
"32","Puducherry","Heavy Rain","25-12-2025","4","0","0","0","0","0","0","0","0.00","0","0.00","0","0","0"
"33","Uttarakhand","Air, Road and Rail Accidents","25-12-2025","3","0","0","0","9","0","0","0","0.00","0","0.00","0","0","0"
"34","Jammu and Kashmir","Forest Fires","24-12-2025","1","0","0","0","0","0","0","0","0.00","0","0.20","0","0","0"
"35","Puducherry","Heavy Rain","24-12-2025","4","0","0","0","0","0","0","0","0.00","0","0.00","0","0","0"
"36","Himachal Pradesh","Air, Road and Rail Accidents","24-12-2025","1","0","0","0","1","0","0","0","0.00","0","0.00","0","0","0"
"37","Himachal Pradesh","Man animal conflict (Leopard Attack).","24-12-2025","1","0","0","1","5","0","0","0","0.00","0","0.00","0","0","0"
"38","Himachal Pradesh","Fall from Cliff","24-12-2025","1","0","0","1","0","0","0","0","0.00","0","0.00","0","0","0"
"39","Himachal Pradesh","Hit by animal","24-12-2025","1","0","0","1","0","0","0","0","0.00","0","0.00","0","0","0"
"40","Himachal Pradesh","Air, Road and Rail Accidents","23-12-2025","1","1","1","0","1","0","0","0","0.00","0","0.00","0","0","0"
"41","Himachal Pradesh","Electrical Disasters and fires","23-12-2025","2","1","4","0","0","0","1","0","0.00","0","0.00","0","0","0"
"42","Himachal Pradesh","Other","23-12-2025","1","0","0","0","0","0","0","1","0.00","0","0.00","0","0","0"
"43","Jammu and Kashmir","Air, Road and Rail Accidents","23-12-2025","1","0","0","0","0","0","0","0","0.00","0","60.40","0","0","0"
"44","Puducherry","Heavy Rain","23-12-2025","4","0","0","0","0","0","0","0","0.00","0","0.00","0","0","0"
"45","Himachal Pradesh","Air, Road and Rail Accidents","22-12-2025","2","0","2","1","8","0","0","0","0.00","0","0.00","0","0","0"
"46","Himachal Pradesh","Falling from height (Tree)","22-12-2025","1","0","0","1","0","0","0","0","0.00","0","0.00","0","0","0"
"47","Jammu and Kashmir","Air, Road and Rail Accidents","22-12-2025","1","0","0","0","0","0","0","0","0.00","0","133.10","0","0","0"
"48","Puducherry","Heavy Rain","22-12-2025","4","0","0","0","0","0","0","0","0.00","0","0.00","0","0","0"
"49","Uttarakhand","fire","22-12-2025","1","0","0","1","0","0","1","0","0.00","0","0.00","0","0","0"
"50","Puducherry","Heavy Rain","21-12-2025","4","0","0","0","0","0","0","0","0.00","0","0.00","0","0","0"
"51","Himachal Pradesh","Air, Road and Rail Accidents","21-12-2025","3","0","0","2","2","0","0","0","0.00","0","0.00","0","0","0"
"52","Jammu and Kashmir","Air, Road and Rail Accidents","21-12-2025","1","0","0","0","0","0","0","0","0.00","0","23.70","0","0","0"
"53","Himachal Pradesh","Fall from Cliff","21-12-2025","1","0","1","1","0","0","0","0","0.00","0","0.00","0","0","0"
"54","Himachal Pradesh","Air, Road and Rail Accidents","20-12-2025","1","0","0","1","0","0","0","0","0.00","0","0.00","0","0","0"
"55","Himachal Pradesh","Falling from Height","20-12-2025","1","0","0","1","0","0","0","0","0.00","0","0.00","0","0","0"
"56","Himachal Pradesh","Village Fire","20-12-2025","1","0","0","0","0","0","0","0","0.00","0","0.00","0","0","0"
"57","Puducherry","Heavy Rain","20-12-2025","4","0","0","0","0","0","0","0","0.00","0","0.00","0","0","0"
"58","Himachal Pradesh","Air, Road and Rail Accidents","19-12-2025","3","1","2","3","2","0","0","0","0.00","0","0.00","0","0","0"
"59","Himachal Pradesh","Falling from height","19-12-2025","1","0","0","0","0","0","0","1","0.00","0","0.00","0","0","0"
"60","Puducherry","Heavy Rain","19-12-2025","4","0","0","0","0","0","0","0","0.00","0","0.00","0","0","0"
"61","Himachal Pradesh","Air, Road and Rail Accidents","18-12-2025","3","1","2","3","2","0","0","0","0.00","0","0.00","0","0","0"
"62","Uttarakhand","Air, Road and Rail Accidents","18-12-2025","1","0","0","3","6","0","0","0","0.00","0","0.00","0","0","0"
"63","Uttarakhand","Air, Road and Rail Accidents","17-12-2025","1","0","0","4","0","0","0","0","0.00","0","0.00","0","0","0"
"64","Himachal Pradesh","Falling from height","17-12-2025","1","0","0","0","0","0","0","1","0.00","0","0.00","0","0","0"
"65","Puducherry","Heavy Rain","17-12-2025","4","0","0","0","0","0","0","0","0.00","0","24.30","0","0","0"
"66","Himachal Pradesh","Air, Road and Rail Accidents","17-12-2025","2","0","0","1","11","0","0","0","0.00","0","0.00","0","0","0"
"67","Himachal Pradesh","Electrical Disasters and fires","16-12-2025","1","1","0","0","0","0","1","0","0.00","1","0.50","0","0","0"
"68","Himachal Pradesh","Fire","16-12-2025","1","0","0","0","0","0","1","0","0.00","0","0.00","0","0","0"
"69","Himachal Pradesh","Other","16-12-2025","1","0","0","2","0","0","0","0","0.00","0","0.00","0","0","20000"
"70","Himachal Pradesh","Road Accidents & Forest Fire","16-12-2025","1","3","4","2","1","0","0","0","0.00","0","0.00","0","0","0"
"71","Puducherry","Heavy Rain","16-12-2025","4","0","0","0","0","0","0","0","0.00","0","0.60","0","0","0"
"72","Himachal Pradesh","Air, Road and Rail Accidents","15-12-2025","3","0","2","3","7","0","0","0","0.00","0","0.00","0","0","0"
"73","Himachal Pradesh","Village Fire","15-12-2025","1","3","6","0","0","0","0","0","0.00","0","0.00","0","0","0"
"74","Puducherry","Heavy Rain","15-12-2025","4","0","0","0","0","0","0","0","0.00","0","0.00","0","0","0"
"75","Himachal Pradesh","Air, Road and Rail Accidents","14-12-2025","2","0","0","2","4","0","0","0","0.00","0","0.00","0","0","0"
"76","Puducherry","Heavy Rain","14-12-2025","4","0","0","0","0","0","0","0","0.00","0","0.00","0","0","0"
"77","Himachal Pradesh","Fell Down / Slipped on Ice","13-12-2025","1","0","0","1","0","0","0","0","0.00","0","0.00","0","0","0"
"78","Puducherry","Heavy Rain","13-12-2025","4","0","0","0","0","0","0","0","0.00","0","0.00","0","0","0"
"79","Andhra Pradesh","Air, Road and Rail Accidents","12-12-2025","1","0","0","9","28","0","0","0","0.00","0","0.00","0","0","0"
"80","Uttarakhand","Air, Road and Rail Accidents","12-12-2025","3","0","0","7","5","0","0","0","0.00","0","0.00","0","0","0"
"81","Bihar","Floods","11-12-2025","1","0","0","0","0","0","0","0","0.00","0","0.00","0","0","0"
"82","Puducherry","Heavy Rain","11-12-2025","4","0","0","0","0","0","0","0","0.00","0","0.00","0","0","0"
"83","Bihar","Floods","10-12-2025","1","0","0","0","0","0","0","0","0.00","0","0.00","0","0","0"
"84","Puducherry","Heavy Rain","10-12-2025","4","0","0","0","0","0","0","0","0.00","0","14.90","0","0","0"
"85","Sikkim","Electrical Disasters and fires","10-12-2025","1","2","10","0","0","0","4","0","0.00","0","0.00","0","0","0"
"86","Uttarakhand","Air, Road and Rail Accidents","10-12-2025","1","0","0","2","6","0","0","0","0.00","0","0.00","0","0","0"
"87","Himachal Pradesh","Air, Road and Rail Accidents","09-12-2025","1","1","1","1","0","0","0","0","0.00","0","0.00","0","0","0"
"88","Puducherry","Heavy Rain","09-12-2025","4","0","0","0","0","0","0","0","0.00","0","0.40","0","0","0"
"89","Uttarakhand","Air, Road and Rail Accidents","09-12-2025","1","0","0","1","1","0","0","0","0.00","0","0.00","0","0","0"
"90","Himachal Pradesh","Air, Road and Rail Accidents","08-12-2025","1","2","4","1","3","0","0","0","0.00","0","0.00","0","0","0"
"91","Puducherry","Heavy Rain","08-12-2025","4","0","0","0","0","0","1","0","0.00","0","0.00","0","0","0"
"92","Uttarakhand","Cattle Epidemics","08-12-2025","1","0","0","3","0","0","0","0","0.00","0","0.00","0","0","0"
"93","Uttarakhand","Air, Road and Rail Accidents","07-12-2025","1","0","0","2","4","0","0","0","0.00","0","0.00","0","0","0"
"94","Himachal Pradesh","Electrical Disasters and fires","07-12-2025","1","0","0","0","0","0","0","0","0.00","0","0.00","0","0","0"
"95","Himachal Pradesh","Air, Road and Rail Accidents","07-12-2025","1","0","0","0","1","0","0","0","0.00","0","0.00","0","0","0"
"96","Puducherry","Heavy Rain","07-12-2025","4","0","0","0","0","0","0","0","0.00","0","2.40","0","0","0"
"97","Himachal Pradesh","Electrical Disasters and fires","06-12-2025","1","1","1","0","1","0","0","0","0.00","0","0.10","0","0","0"
"98","Puducherry","Heavy Rain","06-12-2025","4","0","0","0","0","0","0","0","0.00","0","9.40","0","0","0"
"99","Uttarakhand","Air, Road and Rail Accidents","06-12-2025","2","0","0","11","13","0","0","0","0.00","0","0.00","0","0","0"
"100","Bihar","Floods","05-12-2025","1","0","0","0","0","0","0","0","0.00","0","0.00","0","0","0"
"101","Himachal Pradesh","Electrical Disasters and fires","05-12-2025","1","1","10","0","0","0","1","0","0.00","0","0.00","0","0","0"
"102","Himachal Pradesh","Major Building Collapse","05-12-2025","1","0","0","1","0","0","0","0","0.00","0","0.00","0","0","0"
"103","Puducherry","Heavy Rain","05-12-2025","4","0","0","0","0","0","0","0","0.00","0","19.20","0","0","0"
"104","Uttarakhand","Air, Road and Rail Accidents","05-12-2025","1","0","0","1","0","0","0","0","0.00","0","0.00","0","0","0"
"105","Himachal Pradesh","Air, Road and Rail Accidents","04-12-2025","1","2","2","0","2","0","0","0","0.00","0","0.00","0","0","0"
"106","Himachal Pradesh","Electrical Disasters and fires","04-12-2025","1","0","0","0","0","0","1","0","0.00","0","0.00","0","0","0"
"107","Puducherry","Heavy Rain","04-12-2025","4","0","0","0","0","0","5","0","0.00","0","26.20","0","0","0"
"108","Uttarakhand","Air, Road and Rail Accidents","04-12-2025","2","0","0","1","8","0","0","0","0.00","0","0.00","0","0","0"
"109","Uttarakhand","Air, Road and Rail Accidents","03-12-2025","1","0","0","1","0","0","0","0","0.00","0","0.00","0","0","0"
"110","Himachal Pradesh","Air, Road and Rail Accidents","03-12-2025","1","0","0","2","2","0","0","0","0.00","0","0.00","0","0","0"
"111","Puducherry","Heavy Rain","03-12-2025","4","0","0","0","0","0","6","0","0.00","0","100.70","0","0","0"
"112","Jammu and Kashmir","Air, Road and Rail Accidents","02-12-2025","1","0","0","0","0","0","0","0","0.00","0","0.00","0","0","0"
"113","Puducherry","Heavy Rain","02-12-2025","4","0","0","0","0","0","2","0","0.00","0","3.60","0","0","0"
"114","Uttarakhand","Air, Road and Rail Accidents","02-12-2025","3","0","0","1","5","0","0","0","0.00","0","0.00","0","0","0"
"115","Himachal Pradesh","Air, Road and Rail Accidents","01-12-2025","1","1","3","0","3","0","0","0","0.00","0","0.00","0","0","0"
"116","Jammu and Kashmir","Air, Road and Rail Accidents","01-12-2025","1","0","0","0","0","0","0","0","0.00","0","0.00","0","0","0"
"117","Puducherry","Cyclones","01-12-2025","1","0","0","0","0","0","1","0","0.00","0","26.40","0","0","0"
"118","Puducherry","Heavy Rain","01-12-2025","3","0","0","0","0","0","0","5","0.00","0","32.80","0","0","0"
"119","Himachal Pradesh","Air, Road and Rail Accidents","29-11-2025","1","1","3","0","3","0","0","0","0.00","0","0.00","0","0","0"
"120","Uttarakhand","Air, Road and Rail Accidents","29-11-2025","1","0","0","1","2","0","0","0","0.00","0","0.00","0","0","0"
"121","Himachal Pradesh","Air, Road and Rail Accidents","28-11-2025","1","1","1","1","0","0","0","0","0.00","0","0.00","0","0","0"
"122","Puducherry","Heavy Rain","28-11-2025","4","0","0","0","0","0","0","0","0.00","0","0.00","0","0","0"
"123","Uttarakhand","Air, Road and Rail Accidents","28-11-2025","2","0","0","3","1","0","0","0","0.00","0","0.00","0","0","0"
"124","Uttarakhand","Air, Road and Rail Accidents","27-11-2025","1","0","0","1","0","0","0","0","0.00","0","0.00","0","0","0"
"125","Sikkim","Landslides and Mudflows","27-11-2025","1","1","5","0","0","0","1","0","0.00","0","0.00","0","0","0"
"126","Puducherry","Heavy Rain","27-11-2025","4","0","0","0","0","0","0","0","0.00","0","0.00","0","0","0"
"127","Himachal Pradesh","Air, Road and Rail Accidents","26-11-2025","1","0","0","1","6","0","0","0","0.00","0","0.00","0","0","0"
"128","Puducherry","Heavy Rain","26-11-2025","4","0","0","0","0","0","0","0","0.00","0","0.00","0","0","0"
"129","Uttarakhand","Air, Road and Rail Accidents","26-11-2025","2","0","0","0","4","0","0","0","0.00","0","0.00","0","0","0"
"130","Bihar","Floods","25-11-2025","1","0","0","0","0","0","0","0","0.00","0","0.00","0","0","0"
"131","Puducherry","Heavy Rain","25-11-2025","4","0","0","0","0","0","1","0","0.00","0","21.90","0","0","0"
"132","Uttarakhand","Landslides and Mudflows","25-11-2025","1","0","0","1","2","0","0","0","0.00","0","0.00","0","0","0"
"133","Bihar","Floods","24-11-2025","1","0","0","0","0","0","0","0","0.00","0","0.00","0","0","0"
"134","Maharashtra","Air, Road and Rail Accidents","24-11-2025","1","0","0","0","0","0","0","0","0.00","0","0.00","0","0","0"
"135","Puducherry","Heavy Rain","24-11-2025","4","0","0","0","0","0","1","0","0.00","0","110.10","0","0","0"
"136","Uttarakhand","Air, Road and Rail Accidents","24-11-2025","2","0","0","5","15","0","0","0","0.00","0","0.00","0","0","0"
"137","Bihar","Floods","23-11-2025","1","0","0","0","0","0","0","0","0.00","0","0.00","0","0","0"
"138","Himachal Pradesh","Air, Road and Rail Accidents","23-11-2025","1","1","1","1","0","0","0","0","0.00","0","0.00","0","0","0"
"139","Puducherry","Heavy Rain","23-11-2025","4","0","0","0","0","0","0","0","0.00","0","77.10","0","0","0"
"140","Tripura","Earthquakes","23-11-2025","1","0","0","0","0","0","0","0","0.00","0","0.00","0","0","0"
"141","Uttarakhand","Air, Road and Rail Accidents","23-11-2025","5","0","0","10","4","0","0","0","0.00","0","0.00","0","0","0"
"142","Puducherry","Heavy Rain","22-11-2025","4","0","0","0","0","0","0","0","0.00","0","41.60","0","0","0"
"143","Puducherry","Heavy Rain","21-11-2025","4","0","0","0","0","0","1","0","0.00","0","51.20","0","0","0"
"144","Himachal Pradesh","Village Fire","21-11-2025","1","1","0","0","0","0","0","1","0.00","1","0.00","0","0","0"
"145","Himachal Pradesh","Electrical Disasters and fires","21-11-2025","1","1","4","0","0","0","0","0","0.00","1","0.00","0","0","0"
"146","Bihar","Floods","20-11-2025","1","0","0","0","0","0","0","0","0.00","0","0.00","0","0","0"
"147","Puducherry","Heavy Rain","20-11-2025","4","0","0","0","0","0","0","0","0.00","0","2.80","0","0","0"
"148","Sikkim","Landslides and Mudflows","20-11-2025","1","2","25","0","0","0","1","0","0.00","0","0.00","0","0","0"
"149","Uttarakhand","Air, Road and Rail Accidents","20-11-2025","2","0","0","2","6","0","0","0","0.00","0","0.00","0","0","0"
"150","Puducherry","Heavy Rain","19-11-2025","4","0","0","0","0","0","0","0","0.00","0","68.80","0","0","0"
"151","Uttarakhand","Air, Road and Rail Accidents","19-11-2025","4","0","0","5","11","0","0","0","0.00","0","0.00","0","0","0"
"152","Bihar","Floods","18-11-2025","1","0","0","0","0","0","0","0","0.00","0","0.00","0","0","0"
"153","Puducherry","Heavy Rain","18-11-2025","4","0","0","0","0","0","1","0","0.00","0","140.30","0","0","0"
"154","Uttarakhand","Air, Road and Rail Accidents","18-11-2025","2","0","0","1","10","0","0","0","0.00","0","0.00","0","0","0"
"155","Maharashtra","Air, Road and Rail Accidents","17-11-2025","1","0","0","0","0","0","0","0","0.00","0","0.00","0","0","0"
"156","Jammu and Kashmir","Heavy Rain","16-11-2025","1","0","0","0","0","0","0","0","0.00","0","0.00","0","0","0"
"157","Puducherry","Heavy Rain","16-11-2025","4","0","0","0","0","0","0","0","0.00","0","8.30","0","0","0"
"158","Uttarakhand","Air, Road and Rail Accidents","16-11-2025","1","0","0","0","7","0","0","0","0.00","0","0.00","0","0","0"
"159","Uttarakhand","Air, Road and Rail Accidents","15-11-2025","1","0","0","0","3","0","0","0","0.00","0","0.00","0","0","0"
"160","Jammu and Kashmir","Festival related Disasters","15-11-2025","1","0","0","0","0","0","0","0","0.00","0","0.00","0","0","0"
"161","Puducherry","Heavy Rain","15-11-2025","4","0","0","0","0","0","0","0","0.00","0","0.00","0","0","0"
"162","Maharashtra","Air, Road and Rail Accidents","15-11-2025","1","0","0","8","15","0","0","0","0.00","0","0.00","0","0","0"
"163","Jammu and Kashmir","Electrical Disasters and fires","14-11-2025","1","0","0","0","0","0","0","0","0.00","0","0.00","0","0","0"
"164","Puducherry","Heavy Rain","14-11-2025","4","0","0","0","0","0","0","0","0.00","0","1.00","0","0","0"
"165","Uttarakhand","Air, Road and Rail Accidents","14-11-2025","1","0","0","2","0","0","0","0","0.00","0","0.00","0","0","0"
"166","Jammu and Kashmir","Hailstorm","13-11-2025","1","0","0","0","0","0","0","0","0.00","0","0.00","0","0","0"
"167","Puducherry","Heavy Rain","13-11-2025","4","0","0","0","0","0","0","0","0.00","0","0.00","0","0","0"
"168","Arunachal Pradesh","Forest Fires","12-11-2025","1","0","0","0","0","0","0","0","0.00","0","0.00","0","0","0"
"169","Bihar","Floods","12-11-2025","38","0","0","0","0","0","0","0","0.00","0","0.00","0","0","0"
"170","Jammu and Kashmir","Pest Attacks","12-11-2025","1","0","0","0","0","0","0","0","0.00","0","0.00","0","0","0"
"171","Puducherry","Heavy Rain","12-11-2025","4","0","0","0","0","0","0","0","0.00","0","7.00","0","0","0"
"172","Jammu and Kashmir","Cyclones","11-11-2025","1","0","0","0","0","0","0","0","0.00","0","0.00","0","0","0"
"173","Puducherry","Heavy Rain","11-11-2025","4","0","0","0","0","0","0","0","0.00","0","2.60","0","0","0"
"174","Uttarakhand","Air, Road and Rail Accidents","11-11-2025","1","0","0","2","2","0","0","0","0.00","0","0.00","0","0","0"
"175","Puducherry","Heavy Rain","10-11-2025","4","0","0","0","0","0","0","0","0.00","0","0.00","0","0","0"
"176","Uttarakhand","Air, Road and Rail Accidents","10-11-2025","1","0","0","1","2","0","0","0","0.00","0","0.00","0","0","0"
"177","Himachal Pradesh","Electrical Disasters and fires","10-11-2025","1","0","0","0","0","0","0","0","0.00","0","0.00","0","0","0"
"178","Jammu and Kashmir","Dam Failures/ Dam Bursts","10-11-2025","1","0","0","0","0","0","0","0","0.00","0","0.00","0","0","0"
"179","Himachal Pradesh","Air, Road and Rail Accidents","10-11-2025","1","0","1","0","1","0","0","0","0.00","0","0.00","0","0","0"
"180","Jammu and Kashmir","Droughts","09-11-2025","1","0","0","0","0","0","0","0","0.00","0","0.00","0","0","0"
"181","Puducherry","Heavy Rain","09-11-2025","4","0","0","0","0","0","0","0","0.00","0","0.00","0","0","0"
"182","Uttarakhand","Air, Road and Rail Accidents","09-11-2025","3","0","0","4","6","0","0","0","0.00","0","0.00","0","0","0"
"183","Jammu and Kashmir","Urban Fires","08-11-2025","1","0","0","0","0","0","0","0","0.00","0","0.00","0","0","0"
"184","Puducherry","Heavy Rain","08-11-2025","4","0","0","0","0","0","0","0","0.00","0","0.00","0","0","0"
"185","Uttarakhand","Air, Road and Rail Accidents","08-11-2025","2","0","0","1","1","0","0","0","0.00","0","0.00","0","0","0"
"186","Uttarakhand","Air, Road and Rail Accidents","07-11-2025","2","0","0","3","3","0","0","0","0.00","0","0.00","0","0","0"
"187","Puducherry","Heavy Rain","07-11-2025","4","0","0","0","0","0","0","0","0.00","0","0.00","0","0","0"
"188","Tripura","Heavy Rain","07-11-2025","1","1","55","0","0","0","0","0","0.00","0","22.00","0","0","0"
"189","Tripura","Floods","07-11-2025","1","3","52","0","0","0","0","0","0.00","0","21.00","0","0","0"
"190","Sikkim","Landslides and Mudflows","07-11-2025","1","4","200","3","0","1","2","0","0.00","2","100.00","20","2","10"
"191","Sikkim","Chemical and industrial Disasters","07-11-2025","1","1","1","1","0","0","6","0","0.00","0","122.00","0","0","0"
"192","Arunachal Pradesh","Landslides and Mudflows","07-11-2025","1","0","0","0","0","0","0","1","0.00","0","0.00","0","0","0"
"193","Mizoram","Landslides and Mudflows","07-11-2025","1","1","10","0","0","0","1","0","0.00","0","4.00","0","0","0"
"194","Assam","Floods","07-11-2025","3","14","5039","15","12","11","192","89","143.00","122","120.00","77","63","260"
"195","Meghalaya","Biological Disasters and Epidemics ","07-11-2025","1","3","3","2","1","1","4","2","2.00","1","3.00","1","1","1"
"196","Arunachal Pradesh","Biological Disasters and Epidemics ","07-11-2025","1","0","0","0","0","0","0","0","0.00","0","0.00","0","0","0"
"197","Chandigarh","Floods","07-11-2025","1","1","500","2","10","0","32","54","0.00","25","100.00","500","2","500"
"198","Himachal Pradesh","Landslides and Mudflows","07-11-2025","1","0","0","0","0","0","0","0","0.00","0","0.00","0","0","0"
"199","Jammu and Kashmir","Air, Road and Rail Accidents","06-11-2025","1","0","0","0","0","0","0","0","0.00","0","0.00","0","0","0"
"200","Jammu and Kashmir","Air, Road and Rail Accidents","05-11-2025","1","0","0","0","0","0","0","0","0.00","0","206.40","0","0","0"
"201","Puducherry","Heavy Rain","05-11-2025","4","0","0","0","0","0","0","0","0.00","0","0.00","0","0","0"
"202","Uttarakhand","Air, Road and Rail Accidents","05-11-2025","1","0","0","1","1","0","0","0","0.00","0","0.00","0","0","0"
"203","Jammu and Kashmir","Air, Road and Rail Accidents","04-11-2025","1","0","0","0","0","0","0","0","0.00","0","0.00","0","0","0"
"204","Puducherry","Heavy Rain","04-11-2025","4","0","0","0","0","0","0","0","0.00","0","0.00","0","0","0"
"205","Uttarakhand","Air, Road and Rail Accidents","04-11-2025","1","0","0","4","2","0","0","0","0.00","0","0.00","0","0","0"
"206","Uttarakhand","Landslides and Mudflows","03-11-2025","1","0","0","0","2","0","0","0","0.00","0","0.00","0","0","0"
"207","Uttarakhand","Electrical Disasters and fires","03-11-2025","1","0","0","1","0","0","0","0","0.00","0","0.00","0","0","0"
"208","Puducherry","Heavy Rain","03-11-2025","4","0","0","0","0","0","0","0","0.00","0","0.00","0","0","0"
"209","Maharashtra","Thunder and Lightening","03-11-2025","1","0","0","0","0","0","0","2","0.00","0","0.00","0","0","0"
"210","Maharashtra","Thunder and Lightening","02-11-2025","1","0","0","0","0","0","0","1","0.00","0","0.00","0","0","0"
"211","Puducherry","Heavy Rain","02-11-2025","4","0","0","0","0","0","0","0","0.00","0","0.00","0","73","0"
"212","Uttarakhand","Air, Road and Rail Accidents","02-11-2025","1","0","0","1","0","0","0","0","0.00","0","0.00","0","0","0"
"213","Jammu and Kashmir","Air, Road and Rail Accidents","01-11-2025","1","0","0","0","0","0","0","0","0.00","0","0.00","0","0","0"
"214","Maharashtra","Thunder and Lightening","01-11-2025","1","0","0","0","0","0","0","1","0.00","0","1.00","0","0","0"
"215","Puducherry","Heavy Rain","01-11-2025","4","0","0","0","0","0","0","0","0.00","0","0.00","0","0","0"
"216","Jammu and Kashmir","Air, Road and Rail Accidents","31-10-2025","1","0","0","0","0","0","0","0","0.00","0","0.00","0","0","0"
"217","Maharashtra","Thunder and Lightening","31-10-2025","1","0","0","0","0","0","0","1","0.00","0","2.00","0","0","0"
"218","Puducherry","Heavy Rain","31-10-2025","3","0","0","0","0","0","0","0","0.00","0","1.40","0","0","0"
"219","Puducherry","Cyclones","30-10-2025","1","0","0","0","0","0","0","0","104.00","0","0.00","0","0","0"
"220","Puducherry","Heavy Rain","30-10-2025","3","0","0","0","0","0","0","0","0.00","0","0.40","0","0","0"
"221","Himachal Pradesh","Air, Road and Rail Accidents","30-10-2025","1","0","1","1","0","0","1","0","0.00","0","0.00","0","0","0"
"222","Jammu and Kashmir","Air, Road and Rail Accidents","30-10-2025","1","0","0","0","0","0","0","0","0.00","0","0.00","0","0","0"
"223","Jammu and Kashmir","Air, Road and Rail Accidents","29-10-2025","1","0","0","0","0","0","0","0","0.00","0","0.00","0","0","0"
"224","Puducherry","Cyclones","29-10-2025","1","0","0","0","2","0","0","0","0.00","0","14.40","542","10","342"
"225","Puducherry","Heavy Rain","29-10-2025","3","0","0","0","0","0","0","0","0.00","0","2.60","0","0","0"
"226","Uttarakhand","Air, Road and Rail Accidents","29-10-2025","3","0","0","2","1","0","0","0","0.00","0","0.00","0","0","0"
"227","Jammu and Kashmir","Air, Road and Rail Accidents","28-10-2025","1","0","0","0","0","0","0","0","0.00","0","0.00","0","0","0"
"228","Maharashtra","Thunder and Lightening","28-10-2025","1","0","0","0","0","0","34","6","0.00","0","21.00","0","0","0"
"229","Puducherry","Heavy Rain","28-10-2025","4","0","0","0","0","0","0","0","0.00","0","114.40","0","0","0"
"230","Uttarakhand","Air, Road and Rail Accidents","28-10-2025","1","0","0","0","1","0","0","0","0.00","0","0.00","0","0","0"
"231","Jammu and Kashmir","Air, Road and Rail Accidents","27-10-2025","1","0","0","0","0","0","0","0","0.00","0","0.00","0","0","0"
"232","Maharashtra","Thunder and Lightening","27-10-2025","1","0","0","0","0","0","0","0","0.00","0","8.00","0","0","0"
"233","Uttarakhand","Air, Road and Rail Accidents","27-10-2025","2","0","0","2","0","0","0","0","0.00","0","0.00","0","0","0"
"234","Uttarakhand","Air, Road and Rail Accidents","26-10-2025","3","0","0","2","4","0","0","0","0.00","0","0.00","0","0","0"
"235","Maharashtra","Thunder and Lightening","26-10-2025","1","0","0","1","1","0","0","0","0.00","0","9.00","0","0","0"
"236","Puducherry","Heavy Rain","26-10-2025","4","0","0","0","0","0","0","0","0.00","0","13.60","0","94","0"
"237","Jammu and Kashmir","Air, Road and Rail Accidents","26-10-2025","1","0","0","0","0","0","0","0","0.00","0","0.00","0","0","0"
"238","Jammu and Kashmir","Air, Road and Rail Accidents","25-10-2025","1","0","0","0","0","0","0","0","0.00","0","0.00","0","0","0"
"239","Maharashtra","Thunder and Lightening","25-10-2025","1","0","0","0","0","0","0","2","0.00","0","4.00","0","0","0"
"240","Puducherry","Heavy Rain","25-10-2025","4","0","0","0","0","0","0","0","0.00","0","1.00","0","94","0"
"241","Uttarakhand","Air, Road and Rail Accidents","25-10-2025","1","0","0","1","1","0","0","0","0.00","0","0.00","0","0","0"
"242","Jammu and Kashmir","Air, Road and Rail Accidents","24-10-2025","1","0","0","0","0","0","0","0","0.00","0","0.00","0","0","0"
"243","Maharashtra","Heavy Rain","24-10-2025","1","0","0","0","0","0","0","0","0.00","0","0.00","0","0","0"
"244","Maharashtra","Thunder and Lightening","24-10-2025","1","0","0","0","0","0","0","0","0.00","0","5.00","0","0","0"
"245","Puducherry","Heavy Rain","24-10-2025","4","0","0","0","0","0","0","0","0.00","0","13.00","0","0","0"
"246","Uttarakhand","Air, Road and Rail Accidents","24-10-2025","2","0","0","2","1","0","0","0","0.00","0","0.00","0","0","0"
"247","Uttarakhand","Air, Road and Rail Accidents","23-10-2025","2","0","0","4","3","0","0","0","0.00","0","0.00","0","0","0"
"248","Jammu and Kashmir","Air, Road and Rail Accidents","23-10-2025","1","0","0","0","0","0","0","0","0.00","0","4.00","0","0","0"
"249","Puducherry","Heavy Rain","23-10-2025","4","0","0","0","0","0","1","0","0.00","0","90.00","0","0","0"
"250","Mizoram","Landslides and Mudflows","23-10-2025","1","1","1","1","0","0","0","0","0.00","0","0.00","0","0","0"
"251","Jammu and Kashmir","Air, Road and Rail Accidents","22-10-2025","1","0","0","0","0","0","0","0","0.00","0","12.00","0","0","0"
"252","Maharashtra","Thunder and Lightening","22-10-2025","1","0","0","0","0","0","19","0","0.00","0","4.00","0","0","0"
"253","Puducherry","Heavy Rain","22-10-2025","4","0","0","0","0","0","3","0","0.00","0","143.00","0","76","0"
"254","Jammu and Kashmir","Air, Road and Rail Accidents","21-10-2025","1","0","0","0","0","0","0","0","0.00","0","0.00","0","0","0"
"255","Maharashtra","Thunder and Lightening","21-10-2025","1","0","0","0","0","0","0","0","0.00","0","0.00","0","0","0"
"256","Puducherry","Heavy Rain","21-10-2025","4","0","0","0","0","0","4","0","0.00","0","441.00","0","76","0"
"257","Uttarakhand","Air, Road and Rail Accidents","21-10-2025","1","0","0","0","1","0","0","0","0.00","0","0.00","0","0","0"
"258","Uttarakhand","Electrical Disasters and fires","21-10-2025","1","0","0","0","0","0","10","9","0.00","0","0.00","2","0","0"
"259","Jammu and Kashmir","Air, Road and Rail Accidents","20-10-2025","2","0","0","0","0","0","0","0","0.00","0","0.00","0","0","0"
"260","Maharashtra","Thunder and Lightening","20-10-2025","1","0","0","0","0","0","0","0","0.00","0","0.00","0","0","0"
"261","Mizoram","Landslides and Mudflows","20-10-2025","1","2","1","1","0","0","0","0","0.00","0","0.00","0","0","0"
"262","Puducherry","Heavy Rain","20-10-2025","4","0","0","0","0","0","0","0","0.00","0","120.00","0","0","0"
"263","Uttarakhand","Air, Road and Rail Accidents","20-10-2025","1","0","0","1","0","0","0","0","0.00","0","0.00","0","0","0"
"264","Jammu and Kashmir","Air, Road and Rail Accidents","19-10-2025","1","0","0","0","0","0","0","0","0.00","0","0.00","0","0","0"
"265","Uttarakhand","Air, Road and Rail Accidents","19-10-2025","1","0","0","0","9","0","0","0","0.00","0","0.00","0","0","0"
"266","Maharashtra","Thunder and Lightening","18-10-2025","1","0","0","0","0","0","0","2","0.00","0","1.00","0","0","0"
"267","Puducherry","Heavy Rain","18-10-2025","4","0","0","0","0","0","0","0","0.00","0","30.00","0","0","0"
"268","Uttarakhand","Air, Road and Rail Accidents","18-10-2025","1","0","0","0","1","0","0","0","0.00","0","0.00","0","0","0"
"269","Maharashtra","Thunder and Lightening","17-10-2025","1","0","0","0","0","0","0","0","0.00","0","0.00","0","0","0"
"270","Puducherry","Heavy Rain","17-10-2025","4","0","0","0","0","0","0","0","0.00","0","64.00","0","0","0"
"271","Maharashtra","Thunder and Lightening","16-10-2025","2","0","0","1","0","0","4","3","0.00","1","21.00","0","0","0"
"272","Puducherry","Heavy Rain","16-10-2025","4","0","0","0","0","0","0","0","0.00","0","67.00","0","0","0"
"273","Bihar","Air, Road and Rail Accidents","15-10-2025","1","0","0","0","0","0","0","0","0.00","0","0.00","0","0","0"
"274","Bihar","Floods","15-10-2025","1","0","0","0","0","0","0","0","0.00","0","0.00","0","0","0"
"275","Uttarakhand","Air, Road and Rail Accidents","15-10-2025","1","1","6","0","6","0","0","0","0.00","0","0.00","0","0","0"
"276","Puducherry","Heavy Rain","14-10-2025","4","0","0","0","0","0","0","0","0.00","0","147.00","0","0","0"
"277","Uttarakhand","Cloud Burst","13-10-2025","1","1","0","1","0","0","0","0","0.00","0","0.00","0","0","0"
"278","Puducherry","Heavy Rain","12-10-2025","4","0","0","0","0","0","0","0","0.00","0","90.00","0","0","0"
"279","Mizoram","Landslides and Mudflows","11-10-2025","1","1","0","0","0","0","0","0","0.00","0","0.00","0","0","0"
"280","Mizoram","Thunder and Lightening","10-10-2025","1","0","0","0","0","0","0","3","0.00","0","0.00","0","0","0"
"281","Puducherry","Heavy Rain","10-10-2025","4","0","0","0","0","0","0","0","0.00","0","35.00","0","0","0"
"282","Puducherry","Heavy Rain","09-10-2025","4","0","0","0","0","0","0","0","0.00","0","26.00","0","0","0"
"283","Puducherry","Heavy Rain","08-10-2025","4","0","0","0","0","0","0","0","0.00","0","0.00","0","0","0"
"284","Puducherry","Heavy Rain","06-10-2025","1","0","0","0","0","0","0","0","0.00","0","33.00","0","0","0"
"285","Puducherry","Heavy Rain","05-10-2025","4","0","0","0","0","0","0","0","0.00","0","9.00","0","0","0"
"286","Puducherry","Heavy Rain","04-10-2025","4","0","0","0","0","0","0","0","0.00","0","36.00","0","0","0"
"287","Puducherry","Heavy Rain","02-10-2025","1","0","0","0","0","0","0","0","0.00","0","6.00","0","0","0"
"288","Puducherry","Heavy Rain","01-10-2025","4","0","0","0","0","0","0","0","0.00","0","20.00","0","0","0"
"289","Puducherry","Heavy Rain","30-09-2025","4","0","0","0","0","0","0","0","0.00","0","14.00","0","0","0"
"290","Puducherry","Heavy Rain","28-09-2025","1","0","0","0","0","0","0","0","0.00","0","14.00","0","0","0"
"291","Puducherry","Heavy Rain","27-09-2025","4","0","0","0","0","0","0","0","0.00","0","25.00","0","0","0"
"292","Puducherry","Heavy Rain","26-09-2025","4","0","0","0","0","0","0","0","0.00","0","102.00","0","0","0"
"293","Mizoram","Landslides and Mudflows","24-09-2025","1","1","0","0","0","0","0","0","0.00","0","0.00","0","0","0"
"294","Puducherry","Heavy Rain","24-09-2025","4","0","0","0","0","0","0","0","0.00","0","12.00","0","0","0"
"295","Puducherry","Heavy Rain","23-09-2025","4","0","0","0","0","0","0","0","0.00","0","3.00","0","0","0"
"296","Mizoram","Landslides and Mudflows","23-09-2025","1","1","5","0","0","0","1","0","0.00","0","1.00","0","0","0"
"297","Puducherry","Heavy Rain","22-09-2025","4","0","0","0","0","0","0","0","0.00","0","28.00","0","0","0"
"298","Puducherry","Heavy Rain","20-09-2025","2","0","0","0","0","0","0","0","0.00","0","50.00","0","0","0"
"299","Puducherry","Heavy Rain","19-09-2025","4","0","0","0","0","0","0","0","0.00","0","11.00","0","0","0"
"300","Punjab","Floods","19-09-2025","1","3","42","0","0","0","9","0","0.00","0","0.00","0","0","0"
"301","Puducherry","Heavy Rain","18-09-2025","4","0","1","0","0","0","0","0","0.00","0","158.00","0","0","0"
"302","Puducherry","Heavy Rain","16-09-2025","3","0","0","0","0","0","0","0","0.00","0","16.00","0","0","0"
"303","Puducherry","Heavy Rain","15-09-2025","4","0","0","0","0","0","0","0","0.00","0","14.00","0","0","0"
"304","Puducherry","Thunder and Lightening","12-09-2025","1","0","0","0","0","0","0","0","0.00","1","82.00","0","0","0"
"305","Andhra Pradesh","Air, Road and Rail Accidents","06-09-2025","1","4","4","8","4","4","16","8","8.00","4","4.00","4","4","4"
"306","Kerala","Air, Road and Rail Accidents","06-09-2025","1","3","3","6","3","3","12","6","6.00","3","3.00","3","3","3"
"307","Telangana","Air, Road and Rail Accidents","06-09-2025","2","20","20","40","20","20","80","40","40.00","20","15.00","20","20","20"
"308","Telangana","Floods","06-09-2025","1","0","0","0","0","0","0","0","0.00","0","0.00","0","0","0"
"309","Telangana","Heavy Rain","06-09-2025","1","0","0","0","0","0","0","0","0.00","0","0.00","0","0","0"
"310","Telangana","Heavy Rain","05-09-2025","1","0","0","0","0","0","0","0","0.00","0","0.00","0","0","0"
"311","Telangana","Air, Road and Rail Accidents","04-09-2025","1","1","1","2","1","1","4","2","2.00","1","1.00","1","1","1"
"312","Telangana","Cattle Epidemics","21-08-2025","1","36","3","15","3","3","12","6","6.00","3","1.00","3","3","3"
"313","Andhra Pradesh","Air, Road and Rail Accidents","21-08-2025","1","1","1","12","1","1","4","2","2.00","1","1.00","1","1","1"
"314","Telangana","Biological Disasters and Epidemics ","18-08-2025","1","0","0","0","0","0","0","0","0.00","0","0.00","0","0","0"
"315","Bihar","Flood","15-10-2024","28","979","5200046","","0","0","1231","","7000","0","0","0","0","0"
"316","Bihar","Flood","14-10-2024","28","973","520000046","","0","0","1231","","2000","0","0","0","0","0"
"317","Bihar","Flood","13-10-2024","28","951","480000063","","0","0","1222","","2000","0","0","0","0","0"
"318","Bihar","Flood","12-10-2024","28","951","480000063","","0","0","1222","","2000","0","0","0","0","0"
"319","Bihar","Flood","11-10-2024","28","951","480000063","","0","0","1222","","2000","0","0","0","0","0"
"320","Bihar","Flood","10-10-2024","28","951","480000063","","0","0","1222","","2000","0","0","0","0","0"
"321","Bihar","Flood","09-10-2024","28","951","480000063","","0","0","1222","","2000","0","0","0","1","562"
"322","Bihar","Flood","08-10-2024","26","839","450000037","","0","0","1222","","2000","0","0","0","0","0"
"323","Bihar","Flood","07-10-2024","21","667","400000064","","0","0","1222","","2000","0","0","0","3","1133"
"324","Bihar","Flood","06-10-2024","21","667","400000064","","0","0","1222","","0.02","0","0","0","3","1157"
"325","Bihar","Flood","05-10-2024","21","639","380000046","","0","0","1222","","0.02","0","0","0","3","2936"
"326","Bihar","Flood","04-10-2024","20","611","370000086","","0","0","1222","","0.02","0","0","0","3","1839"
"327","Bihar","Flood","02-10-2024","19","595","360000011","","0","0","1222","","0.02","0","0","0","18","8482"
"328","Bihar","Flood","01-10-2024","18","526","340000017","","0","0","1212","","0.02","0","0","0","18","8482"
"329","Bihar","Flood","30-09-2024","18","510","3000062","","0","0","1120","","0","0","0","0","44","49008"
"330","Bihar","Flood","29-09-2024","16","482","2558000","","0","0","1120","","0","0","0","0","6","3286"
"331","Bihar","Flood","28-09-2024","15","431","2027000","","0","0","1120","","0","0","0","0","6","3252"
"332","Bihar","Flood","27-09-2024","15","431","2027000","","0","0","1089","","0","0","0","0","6","3232"
"333","Odisha","Flood","27-09-2024","1","0","0","","0","0","28","","0","0","0","0","0","0"
"334","Odisha","Flood","26-09-2024","1","0","0","","0","0","39","","0","0","0","0","0","0"
"335","Bihar","Flood","26-09-2024","15","396","1634000","","0","0","1089","","0","0","0","0","6","3233"
"336","Bihar","Flood","25-09-2024","15","396","1513000","","0","0","1089","","0","0","0","0","6","3103"
"337","Odisha","Flood","25-09-2024","1","0","0","","0","0","34","","0","0","0","0","0","0"
"338","Odisha","Flood","24-09-2024","1","0","0","","0","0","14","","0","0","0","0","0","0"
"339","Bihar","Flood","24-09-2024","15","393","1513000","","0","0","1074","","0","0","0","0","9","3574"
"340","Bihar","Flood","23-09-2024","15","388","1342000","","0","0","1074","","0","0","0","0","9","3850"
"341","Odisha","Flood","23-09-2024","1","141","33028","","0","0","42","","19579","0","0","0","7","1442"
"342","Bihar","Flood","22-09-2024","15","377","1252000","","0","0","1074","","0","0","0","0","8","3963"
"343","Odisha","Flood","22-09-2024","1","141","33028","","0","0","5","","0","0","0","0","33","9604"
"344","Bihar","Flood","21-09-2024","15","334","755000","","0","0","1073","","0","0","0","0","7","3310"
"345","Odisha","Flood","20-09-2024","1","141","33028","","0","0","5","","0","0","0","0","55","18057"
"346","Bihar","Flood","20-09-2024","5","43","65000","","0","0","1073","","0","0","0","0","0","0"
"347","Odisha","Flood","19-09-2024","2","242","29166","","0","0","65","","0","0","0","0","51","19023"
"348","Bihar","Flood","19-09-2024","5","41","54000","","0","0","1071","","0","0","0","0","0","0"
"349","Bihar","Flood","18-09-2024","5","41","54000","","0","0","1071","","0","0","0","0","0","0"
"350","Odisha","Flood","18-09-2024","4","265","37958","","0","0","381","","0","0","0","0","55","21328"
"351","Bihar","Flood","17-09-2024","5","41","54000","","0","0","1071","","0","0","0","0","0","0"
"352","Odisha","Flood","16-09-2024","2","67","1798","","0","0","145","","0","1","0","0","70","840"
"353","Bihar","Flood","16-09-2024","5","41","54000","","0","0","1071","","0","0","0","0","0","0"
"354","Bihar","Flood","15-09-2024","5","41","54000","","0","0","1071","","0","0","0","0","0","0"
"355","Bihar","Flood","14-09-2024","5","41","54000","","0","0","1071","","0","0","0","0","0","0"
"356","Bihar","Flood","13-09-2024","5","41","54000","","0","0","1071","","0","0","0","0","0","0"
"357","Bihar","Flood","12-09-2024","5","41","54000","","0","0","1071","","0","0","0","0","0","0"
"358","Bihar","Flood","11-09-2024","5","41","54000","","0","0","1060","","0","0","0","0","0","0"
"359","Odisha","Flood","10-09-2024","2","80","2288","","0","0","91","","0","1","0","0","17","1900"
"360","Bihar","Flood","10-09-2024","5","32","49000","","0","0","960","","0","0","0","0","0","0"
"361","Bihar","Flood","09-09-2024","5","32","49000","","0","0","960","","0","0","0","0","0","0"
"362","Odisha","Flood","09-09-2024","2","124","2340","","0","0","176","","0","1","0","0","6","560"
"363","Bihar","Flood","08-09-2024","5","32","49000","","0","0","948","","0","0","0","0","0","0"
"364","Odisha","Flood","08-09-2024","1","36","215","","0","0","48","","0","1","0","0","1","30"
"365","Bihar","Flood","07-09-2024","5","32","49000","","0","0","948","","0","0","0","0","0","0"
"366","Bihar","Flood","06-09-2024","5","30","14000","","0","0","933","","0","0","0","0","0","0"
"367","Bihar","Flood","05-09-2024","5","30","14000","","0","0","933","","0","0","0","0","0","0"
"368","Bihar","Flood","04-09-2024","5","30","14000","","0","0","909","","0","0","0","0","0","0"
"369","Bihar","Flood","03-09-2024","5","30","14000","","0","0","879","","0","0","0","0","0","0"
"370","Bihar","Flood","02-09-2024","5","30","14000","","0","0","879","","0","0","0","0","0","0"
"371","Bihar","Flood","01-09-2024","5","30","14000","","0","0","879","","0","0","0","0","0","0"
"372","Bihar","Flood","31-08-2024","5","30","14000","","0","0","879","","0","0","0","0","0","0"
"373","Bihar","Flood","30-08-2024","5","30","14000","","0","0","879","","0","0","0","0","0","0"
"374","Odisha","Flood","29-08-2024","1","11","96","","0","0","24","","0","0","0","0","0","0"
"375","Bihar","Flood","29-08-2024","5","30","14000","","0","0","879","","0","0","0","0","0","0"
"376","Bihar","Flood","28-08-2024","5","29","13000","","0","0","879","","0","0","0","0","0","0"
"377","Odisha","Flood","27-08-2024","1","1","80","","0","0","22","","0","0","0","0","0","0"
"378","Bihar","Flood","27-08-2024","5","27","11000","","0","0","879","","0","0","0","0","0","0"
"379","Bihar","Flood","26-08-2024","5","26","11000","","0","0","863","","0","0","0","0","0","0"
"380","Bihar","Flood","25-08-2024","5","26","11000","","0","0","863","","0","0","0","0","0","0"
"381","Bihar","Flood","24-08-2024","5","26","11000","","0","0","857","","0","0","0","0","0","0"
"382","Bihar","Flood","23-08-2024","5","26","11000","","0","0","857","","0","0","0","0","0","0"
"383","Bihar","Flood","22-08-2024","5","45","13000","","0","0","857","","0","0","0","0","0","0"
"384","Bihar","Flood","21-08-2024","5","42","12000","","0","0","857","","0","0","0","0","0","0"
"385","Bihar","Flood","20-08-2024","5","40","11000","","0","0","857","","0","0","0","0","0","0"
"386","Odisha","Flood","19-08-2024","2","3","14","","0","0","2","","0","0","0","0","0","0"
"387","Bihar","Flood","19-08-2024","5","40","11000","","0","0","857","","0","0","0","0","0","0"
"388","Odisha","Flood","18-08-2024","2","3","14","","0","0","2","","0","0","0","0","0","0"
"389","Bihar","Flood","18-08-2024","5","40","11000","","0","0","857","","0","0","0","0","0","0"
"390","Odisha","Flood","17-08-2024","2","3","14","","0","0","2","","0","0","0","0","0","0"
"391","Bihar","Flood","17-08-2024","4","40","11000","","0","0","857","","0","0","0","0","0","0"
"392","Bihar","Flood","16-08-2024","4","24","9000","","0","0","857","","0","0","0","0","0","0"
"393","Bihar","Flood","15-08-2024","4","24","8000","","0","0","850","","0","0","0","0","0","0"
"394","Bihar","Flood","14-08-2024","4","24","8000","","0","0","796","","0","0","0","0","0","0"
"395","Bihar","Flood","13-08-2024","4","9","4000","","0","0","752","","0","0","0","0","0","0"
"396","Bihar","Flood","12-08-2024","4","9","4000","","0","0","647","","0","0","0","0","0","0"
"397","Bihar","Flood","11-08-2024","4","9","4000","","0","0","647","","0","0","0","0","0","0"
"398","Bihar","Flood","10-08-2024","4","9","4000","","0","0","647","","0","0","0","0","0","0"
"399","Odisha","Flood","09-08-2024","1","3","13","","0","0","4","","0","0","0","0","0","0"
"400","Bihar","Flood","09-08-2024","4","9","4000","","0","0","647","","0","0","0","0","0","0"
"401","Odisha","Flood","08-08-2024","4","8","66","","0","0","15","","0","0","0","0","0","0"
"402","Bihar","Flood","08-08-2024","4","9","4000","","0","0","647","","0","0","0","0","0","0"
"403","Bihar","Flood","07-08-2024","4","9","4000","","0","0","647","","0","0","0","0","0","0"
"404","Bihar","Flood","06-08-2024","4","9","4000","","0","0","647","","0","0","0","0","0","0"
"405","Bihar","Flood","05-08-2024","4","9","4000","","0","0","652","","0","0","0","0","0","0"
"406","Bihar","Flood","04-08-2024","2","4","3000","","0","0","630","","0","0","0","0","0","0"
"407","Bihar","Flood","03-08-2024","2","4","3000","","0","0","630","","0","0","0","0","0","0"
"408","Bihar","Flood","02-08-2024","2","4","3000","","0","0","630","","0","0","0","0","0","0"
"409","Odisha","Flood","01-08-2024","2","13","64","","0","0","21","","0","0","0","0","0","0"
"410","Bihar","Flood","01-08-2024","2","4","3000","","0","0","630","","0","0","0","0","0","0"
"411","Bihar","Flood","31-07-2024","2","4","3000","","0","0","630","","0","0","0","0","0","0"
"412","Odisha","Flood","30-07-2024","1","1","4","","0","0","1","","0","0","0","0","0","0"
"413","Bihar","Flood","30-07-2024","2","4","3000","","0","0","630","","0","0","0","0","0","0"
"414","Bihar","Flood","29-07-2024","2","4","3000","","0","0","630","","0","0","0","0","0","0"
"415","Odisha","Flood","29-07-2024","1","44","198","","0","0","80","","0","0","0","0","0","0"
"416","Odisha","Flood","28-07-2024","3","21","261","","0","0","72","","0","0","0","0","0","0"
"417","Bihar","Flood","28-07-2024","2","4","3000","","0","0","630","","0","0","0","0","0","0"
"418","Odisha","Flood","27-07-2024","6","303","1869","","0","0","257","","5","2","0","0","0","0"
"419","Bihar","Flood","27-07-2024","2","4","3000","","0","0","630","","0","0","0","0","0","0"
"420","Bihar","Flood","26-07-2024","2","4","3000","","0","0","625","","0","0","0","0","0","0"
"421","Bihar","Flood","25-07-2024","2","4","3000","","0","0","625","","0","0","0","0","0","0"
"422","Odisha","Flood","25-07-2024","2","30","132","","0","0","72","","0","0","0","0","0","0"
"423","Odisha","Flood","24-07-2024","1","1","12","","0","0","2","","0","0","0","0","0","0"
"424","Bihar","Flood","24-07-2024","2","4","3000","","0","0","625","","0","0","0","0","0","0"
"425","Odisha","Flood","23-07-2024","2","3","232","","0","0","82","","0","1","0","0","2","132"
"426","Bihar","Flood","23-07-2024","2","4","3000","","0","0","652","","0","0","0","0","0","0"
"427","Odisha","Flood","22-07-2024","1","0","0","","0","0","0","","2499","0","0","0","3","153"
"428","Bihar","Flood","22-07-2024","1","2","700","","0","0","0","","0","0","0","0","0","0"
"429","Odisha","Flood","21-07-2024","1","2","153","","0","0","20","","0","2","0","0","2","153"
"430","Bihar","Flood","21-07-2024","1","2","700","","0","0","0","","0","0","0","0","0","0"
"431","Bihar","Flood","20-07-2024","1","2","700","","0","0","0","","0","0","0","0","0","0"
"432","Odisha","Flood","20-07-2024","2","1045","613192","","0","0","1","","0","2","0","0","2","100"
"433","Bihar","Flood","19-07-2024","1","2","700","","0","0","0","","0","0","0","0","0","0"
"434","Bihar","Flood","18-07-2024","1","2","700","","0","0","0","","0","0","0","0","0","0"
"435","Bihar","Flood","17-07-2024","1","2","700","","0","0","0","","0","0","0","0","0","0"
"436","Bihar","Flood","16-07-2024","1","2","700","","0","0","0","","0","0","0","0","0","0"
"437","Bihar","Flood","15-07-2024","1","2","700","","0","0","0","","0","0","0","0","0","0"
"438","Bihar","Flood","14-07-2024","1","2","700","","0","0","0","","0","0","0","0","0","0"
"439","Bihar","Flood","13-07-2024","1","2","700","","0","0","0","","0","0","0","0","0","0"
"440","Bihar","Flood","12-07-2024","1","2","700","","0","0","0","","0","0","0","0","0","0"
"441","Bihar","Flood","11-07-2024","1","2","700","","0","0","0","","0","0","0","0","0","0"
"442","Bihar","Flood","10-07-2024","1","2","700","","0","0","0","","0","0","0","0","0","0"
"443","Odisha","Flood","15-09-2023","7","33","4142","","0","0","49","","0","0","0","0","0","0"
"444","Odisha","Flood","14-09-2023","5","155","11266","","0","0","151","","0","5","0","0","0","0"
"445","Bihar","Flood","31-08-2023","1","19","10000","","0","0","0","","0","0","0","0","5","751"
"446","Bihar","Flood","30-08-2023","1","22","66000","","0","0","215","","0","0","0","0","9","792"
"447","Sikkim","Landslides and Mudflows","30-08-2023","4","4","55","","0","0","11","","0","0.15","0","0","0","0"
"448","Bihar","Flood","29-08-2023","1","34","213000","","0","0","0","","0","0","0","0","6","792"
"449","Bihar","Flood","28-08-2023","1","27","81000","","0","0","452","","0","0","0","0","0","0"
"450","Bihar","Flood","27-08-2023","1","27","81000","","0","0","0","","0","0","0","0","0","0"
"451","Bihar","Flood","26-08-2023","1","27","55000","","0","0","0","","0","0","0","0","0","0"
"452","Bihar","Flood","25-08-2023","1","5","1500","","0","0","0","","0","0","0","0","0","0"
"453","Bihar","Flood","22-08-2023","1","0","0","","0","0","0","","0","0","0","0","0","0"
"454","Bihar","Flood","21-08-2023","1","5","15000","","0","0","0","","0","0","0","0","0","0"
"455","Bihar","Flood","20-08-2023","1","15","35000","","0","0","0","","0","0","0","0","0","0"
"456","Bihar","Flood","19-08-2023","1","27","55000","","0","0","0","","0","0","0","0","0","0"
"457","Bihar","Flood","18-08-2023","1","27","55000","","0","0","0","","0","0","0","0","0","0"
"458","Bihar","Flood","17-08-2023","1","27","55000","","0","0","0","","0","0","0","0","0","0"
"459","Bihar","Flood","16-08-2023","1","23","55000","","0","0","0","","0","0","0","0","0","0"
"460","Bihar","Flood","15-08-2023","1","21","55000","","0","0","0","","0","0","0","0","0","0"
"461","Odisha","Flood","07-08-2023","4","107","34972","","0","0","80","","8282","342","0","0","20","1001"
"462","Odisha","Flood","05-08-2023","3","141","97827","","0","0","280","","5706","254","0","0","0","0"
"463","Odisha","Flood","04-08-2023","5","868","101858","","0","0","1194","","131","756","0","0","198","3628"
"464","Odisha","Flood","03-08-2023","6","884","110920","","0","0","1237","","315","945","0","0","111","6416"
"465","Odisha","Flood","02-08-2023","10","76","5437","","4","0","219","","0","209","0","0","30","2010"
"466","Odisha","Flood","01-08-2023","1","7","1103","","0","0","0","","0","0","0","0","7","1103"
"467","Odisha","Flood","24-07-2023","1","0","126","","0","0","38","","0","0","0","0","0","0"
"468","Odisha","Flood","21-07-2023","1","6","57","","0","0","27","","0","4","0","0","1","33"
"469","Karnataka","Flood","21-07-2023","2","0","0","","9","0","176","","0","32","0","0","0","0"
"470","Odisha","Flood","20-07-2023","3","1059","615228","","0","0","47","","0","15","0","0","2","270"
"471","Bihar","Flood","18-07-2023","1","1","57","","0","0","0","","0","0","0","0","0","0"
"472","Bihar","Flood","17-07-2023","1","1","57","","0","0","0","","0","0","0","0","0","0"
"473","Bihar","Flood","16-07-2023","1","1","57","","0","0","0","","0","0","0","0","0","0"
"474","Bihar","Flood","15-07-2023","1","1","57","","0","0","0","","0","0","0","0","0","0"
"475","Himachal Pradesh","Cloud Burst","12-07-2023","12","4","100","","1","0","9","","0","1","0","0","0","0"
"476","Himachal Pradesh","Cloud Burst","11-07-2023","12","123","23","","5","2","176","","230","282","0","0","36","4500"
"477","Himachal Pradesh","Cloud Burst","09-07-2023","12","89","5600000","","12","0","75","","0","155","0","0","0","0"
"478","Karnataka","Flood","07-07-2023","3","2","86","","1","0","76","","13","265","0","0","3","16"
"479","Himachal Pradesh","Landslides and Mudflows","07-07-2023","7","17","85","","5","0","4","","0","1.35","0","0","0","0"
"480","Himachal Pradesh","Landslides and Mudflows","06-07-2023","6","10","50","","4","0","1","","0","1.45","0","0","0","0"
"481","Odisha","Flood","06-07-2023","1","18","113","","0","0","23","","0","0","0","0","0","0"
"482","Himachal Pradesh","Landslides and Mudflows","05-07-2023","6","4","20","","2","0","4","","0","1.93","0","0","0","0"
"483","Himachal Pradesh","Landslides and Mudflows","04-07-2023","8","12","60","","5","0","5","","0","82.51","0","0","0","0"
"484","Himachal Pradesh","Landslides and Mudflows","03-07-2023","3","3","15","","8","0","0","","0","3","0","0","0","0"
"485","Himachal Pradesh","Landslides and Mudflows","02-07-2023","4","7","35","","12","0","0","","0","0","0","0","0","0"
"486","Himachal Pradesh","Landslides and Mudflows","01-07-2023","3","2","10","","0","2","2","","0","20.6","0","0","0","0"
"487","Himachal Pradesh","Landslides and Mudflows","30-06-2023","6","12","60","","7","0","1","","0","1.7","0","0","0","0"
"488","Arunachal Pradesh","Landslides and Mudflows","29-06-2023","1","0","0","","0","0","0","","0","1","0","0","0","0"
"489","Himachal Pradesh","Landslides and Mudflows","28-06-2023","5","12","60","","7","0","2","","0","1.9","0","0","0","0"
"490","Arunachal Pradesh","Landslides and Mudflows","27-06-2023","1","0","0","","0","0","0","","0","6","0","0","0","0"
"491","Himachal Pradesh","Landslides and Mudflows","27-06-2023","9","15","75","","13","2","7","","0","2.22","0","0","0","0"
"492","Odisha","Flood","27-06-2023","1","1","4","","0","0","1","","0","0","0","0","0","0"
"493","Himachal Pradesh","Landslides and Mudflows","26-06-2023","6","28","170","","4","0","21","","0","19.69","0","0","0","0"
"494","Odisha","Flood","26-06-2023","2","8","63","","0","0","13","","0","0","0","0","0","0"
"495","Himachal Pradesh","Landslides and Mudflows","25-06-2023","8","23","115","","5","1","6","","0","25.9","0","0","0","0"
"496","Himachal Pradesh","Landslides and Mudflows","24-06-2023","5","19","95","","5","0","4","","0","16.7","0","0","0","0"
"497","Himachal Pradesh","Landslides and Mudflows","23-06-2023","4","8","40","","0","0","0","","0","0","0","0","0","0"
"498","Himachal Pradesh","Landslides and Mudflows","22-06-2023","3","8","40","","11","0","0","","0","0","0","0","0","0"
"499","Arunachal Pradesh","Landslides and Mudflows","22-06-2023","4","0","0","","0","0","2","","0","9","0","0","0","0"
"500","Himachal Pradesh","Landslides and Mudflows","21-06-2023","3","4","20","","3","0","0","","0","0","0","0","0","0"
"501","Himachal Pradesh","Landslides and Mudflows","20-06-2023","5","5","25","","1","0","0","","0","0.7","0","0","0","0"
"502","Arunachal Pradesh","Landslides and Mudflows","20-06-2023","3","1","24","","0","0","7","","0","2","0","0","0","0"
"503","Arunachal Pradesh","Landslides and Mudflows","19-06-2023","3","0","0","","0","0","0","","0","4","0","0","0","0"
"504","Himachal Pradesh","Landslides and Mudflows","19-06-2023","4","5","25","","2","0","1","","0","3","0","0","0","0"
"505","Arunachal Pradesh","Landslides and Mudflows","18-06-2023","1","0","0","","0","0","0","","0","1","0","0","0","0"
"506","Arunachal Pradesh","Landslides and Mudflows","17-06-2023","3","0","0","","0","0","0","","0","3","0","0","0","0"
"507","Himachal Pradesh","Landslides and Mudflows","17-06-2023","6","12","60","","9","0","2","","0","18.1","0","0","0","0"
"508","Arunachal Pradesh","Landslides and Mudflows","16-06-2023","5","0","0","","0","0","2","","0","7","0","0","0","0"
"509","Himachal Pradesh","Landslides and Mudflows","16-06-2023","2","4","20","","3","0","0","","0","0","0","0","0","0"
"510","Himachal Pradesh","Landslides and Mudflows","15-06-2023","6","21","105","","17","0","2","","0","2","0","0","0","0"
"511","Arunachal Pradesh","Landslides and Mudflows","15-06-2023","4","0","0","","0","0","1","","0","5","0","0","0","0"
"512","Arunachal Pradesh","Landslides and Mudflows","14-06-2023","2","0","0","","0","0","0","","0","2","0","0","0","0"
"513","Himachal Pradesh","Landslides and Mudflows","14-06-2023","7","11","55","","24","0","2","","0","2.5","0","0","0","0"
"514","Himachal Pradesh","Landslides and Mudflows","13-06-2023","3","4","20","","17","0","1","","0","1","0","0","0","0"
"515","Himachal Pradesh","Landslides and Mudflows","12-06-2023","6","11","55","","21","0","2","","0","24.7","0","0","0","0"
"516","Arunachal Pradesh","Landslides and Mudflows","12-06-2023","2","0","0","","0","0","0","","0","2","0","0","0","0"
"517","Himachal Pradesh","Landslides and Mudflows","11-06-2023","3","4","20","","4","0","0","","0","0.2","0","0","0","0"
"518","Himachal Pradesh","Landslides and Mudflows","10-06-2023","5","10","50","","9","0","0","","0","0","0","0","0","0"
"519","Arunachal Pradesh","Landslides and Mudflows","08-06-2023","1","5","2000","","0","0","0","","0","1","0","0","0","0"
"520","Himachal Pradesh","Landslides and Mudflows","06-06-2023","7","7","35","","6","0","0","","0","0","0","0","0","0"
"521","Himachal Pradesh","Landslides and Mudflows","05-06-2023","5","8","40","","2","0","0","","0","0.9","0","0","0","0"
"522","Himachal Pradesh","Landslides and Mudflows","04-06-2023","4","6","30","","8","0","0","","0","0.4","0","0","0","0"
"523","Himachal Pradesh","Landslides and Mudflows","03-06-2023","8","13","65","","2","0","6","","0","11.1","0","0","0","0"
"524","Himachal Pradesh","Landslides and Mudflows","02-06-2023","7","25","50","","21","0","3","","0","11.33","0","0","0","0"
"525","Arunachal Pradesh","Landslides and Mudflows","02-06-2023","1","0","10000","","0","0","0","","0","1","0","0","0","0"
"526","Arunachal Pradesh","Landslides and Mudflows","01-06-2023","1","1","0","","0","0","0","","0","2","0","0","0","0"
"527","Himachal Pradesh","Landslides and Mudflows","01-06-2023","7","20","100","","38","0","0","","0","1.09","0","0","0","0"
"528","Himachal Pradesh","Landslides and Mudflows","31-05-2023","4","7","35","","12","0","0","","0","0","0","0","0","0"
"529","Himachal Pradesh","Landslides and Mudflows","30-05-2023","2","3","15","","3","0","0","","0","0","0","0","0","0"
"530","Himachal Pradesh","Landslides and Mudflows","29-05-2023","6","6","30","","6","1","1","","0","0.6","0","0","0","0"
"531","Himachal Pradesh","Landslides and Mudflows","28-05-2023","3","4","20","","1","0","1","","0","1.3","0","0","0","0"
"532","Himachal Pradesh","Landslides and Mudflows","27-05-2023","5","10","50","","6","0","1","","0","0.9","0","0","0","0"
"533","Himachal Pradesh","Landslides and Mudflows","26-05-2023","5","20","60","","1","0","20","","0","7.36","0","0","0","0"
"534","Arunachal Pradesh","Landslides and Mudflows","25-05-2023","2","4","2350","","0","0","0","","0","5","0","0","0","0"
"535","Himachal Pradesh","Landslides and Mudflows","24-05-2023","5","10","50","","8","0","2","","0","0.22","0","0","0","0"
"536","Arunachal Pradesh","Landslides and Mudflows","24-05-2023","2","0","0","","0","0","2","","0","2","0","0","0","0"
"537","Arunachal Pradesh","Landslides and Mudflows","23-05-2023","1","0","0","","0","0","0","","0","1","0","0","0","0"
"538","Himachal Pradesh","Landslides and Mudflows","23-05-2023","6","12","60","","6","0","0","","0","0.8","0","0","0","0"
"539","Himachal Pradesh","Landslides and Mudflows","22-05-2023","4","10","50","","22","0","0","","0","0","0","0","0","0"
"540","Himachal Pradesh","Landslides and Mudflows","21-05-2023","3","4","0","","0","0","3","","0","0","0","0","0","0"
"541","Himachal Pradesh","Landslides and Mudflows","20-05-2023","7","9","45","","6","0","0","","0","0","0","0","0","0"
"542","Himachal Pradesh","Landslides and Mudflows","19-05-2023","3","8","40","","3","0","1","","0","0.5","0","0","0","0"
"543","Himachal Pradesh","Landslides and Mudflows","18-05-2023","3","3","3","","10","0","0","","0","0","0","0","0","0"
"544","Himachal Pradesh","Landslides and Mudflows","17-05-2023","7","8","40","","9","0","0","","0","0","0","0","0","0"
"545","Himachal Pradesh","Landslides and Mudflows","16-05-2023","7","30","150","","8","0","10","","0","79.33","0","0","0","0"
"546","Himachal Pradesh","Landslides and Mudflows","15-05-2023","3","3","15","","5","0","1","","0","3.65","0","0","0","0"
"547","Himachal Pradesh","Landslides and Mudflows","14-05-2023","3","3","15","","5","0","1","","0","3","0","0","0","0"
"548","Himachal Pradesh","Landslides and Mudflows","13-05-2023","12","5","25","","0","0","0","","0","0","0","0","0","0"
"549","Himachal Pradesh","Landslides and Mudflows","12-05-2023","4","5","25","","2","0","0","","0","0.08","0","0","0","0"
"550","Himachal Pradesh","Landslides and Mudflows","11-05-2023","7","10","50","","13","0","4","","0","1","0","0","0","0"
"551","Arunachal Pradesh","Landslides and Mudflows","11-05-2023","2","0","0","","0","0","0","","0","6","0","0","0","0"
"552","Arunachal Pradesh","Landslides and Mudflows","11-05-2023","1","0","0","","0","0","0","","0","0","0","0","0","0"
"553","Himachal Pradesh","Landslides and Mudflows","10-05-2023","5","7","35","","7","0","2","","0","0","0","0","0","0"
"554","Himachal Pradesh","Landslides and Mudflows","09-05-2023","6","23","115","","9","0","7","","0","3","0","0","0","0"
"555","Arunachal Pradesh","Landslides and Mudflows","08-05-2023","3","0","0","","0","0","0","","0","3","0","0","0","0"
"556","Himachal Pradesh","Landslides and Mudflows","07-05-2023","4","5","25","","3","0","1","","0","1","0","0","0","0"
"557","Arunachal Pradesh","Landslides and Mudflows","07-05-2023","1","0","0","","0","0","1","","0","6","0","0","0","0"
"558","Arunachal Pradesh","Landslides and Mudflows","06-05-2023","1","0","0","","0","0","0","","0","1","0","0","0","0"
"559","Arunachal Pradesh","Landslides and Mudflows","06-05-2023","2","0","0","","0","0","0","","0","2","0","0","0","0"
"560","Himachal Pradesh","Landslides and Mudflows","06-05-2023","6","6","30","","22","0","0","","0","1","0","0","0","0"
"561","Arunachal Pradesh","Flood","06-05-2023","1","0","0","","0","0","0","","0","1","0","0","0","0"
"562","Arunachal Pradesh","Landslides and Mudflows","05-05-2023","1","0","0","","0","0","0","","0","1","0","0","0","0"
"563","Himachal Pradesh","Landslides and Mudflows","05-05-2023","6","9","45","","8","0","2","","0","0","0","0","0","0"
"564","Arunachal Pradesh","Landslides and Mudflows","04-05-2023","1","0","0","","0","0","1","","0","0","0","0","0","0"
"565","Arunachal Pradesh","Landslides and Mudflows","03-05-2023","1","0","0","","0","0","0","","0","0","0","0","0","0"
"566","Himachal Pradesh","Landslides and Mudflows","03-05-2023","6","11","55","","10","0","2","","0","0","0","0","0","0"
"567","Himachal Pradesh","Landslides and Mudflows","02-05-2023","6","7","35","","0","1","1","","0","1","0","0","0","0"
"568","Arunachal Pradesh","Landslides and Mudflows","01-05-2023","1","0","0","","0","0","1","","0","5","0","0","0","0"
"569","Himachal Pradesh","Landslides and Mudflows","01-05-2023","6","8","40","","0","0","1","","0","4","0","0","0","0"
"570","Himachal Pradesh","Landslides and Mudflows","29-04-2023","4","6","30","","6","0","0","","0","0","0","0","0","0"
"571","Himachal Pradesh","Landslides and Mudflows","28-04-2023","6","7","35","","11","0","1","","0","0","0","0","0","0"
"572","Himachal Pradesh","Landslides and Mudflows","27-04-2023","3","3","15","","5","0","0","","0","0","0","0","0","0"
"573","Himachal Pradesh","Landslides and Mudflows","26-04-2023","6","7","35","","4","0","2","","0","1","0","0","0","0"
"574","Himachal Pradesh","Landslides and Mudflows","25-04-2023","4","6","30","","3","0","1","","0","0","0","0","0","0"
"575","Himachal Pradesh","Landslides and Mudflows","24-04-2023","7","16","80","","10","0","0","","0","0","0","0","0","0"
"576","Himachal Pradesh","Landslides and Mudflows","23-04-2023","3","3","15","","0","0","2","","0","5","0","0","0","0"
"577","Himachal Pradesh","Flood","22-04-2023","8","6","30","","2","0","6","","0","0","0","0","0","0"
"578","Himachal Pradesh","Landslides and Mudflows","22-04-2023","6","6","30","","2","0","6","","0","0","0","0","0","0"
"579","Himachal Pradesh","Landslides and Mudflows","21-04-2023","8","13","80","","5","0","13","","0","5","0","0","0","0"
"580","Himachal Pradesh","Flood","21-04-2023","9","18","100","","5","0","13","","0","5","0","0","0","0"
"581","Himachal Pradesh","Landslides and Mudflows","20-04-2023","5","8","40","","1","0","3","","0","5","0","0","0","0"
"582","Himachal Pradesh","Flood","20-04-2023","7","8","40","","1","0","3","","0","5","0","0","0","0"
"583","Himachal Pradesh","Landslides and Mudflows","19-04-2023","3","2","10","","0","0","2","","0","0","0","0","0","0"
"584","Himachal Pradesh","Landslides and Mudflows","18-04-2023","5","8","40","","0","1","2","","0","6","0","0","0","0"
"585","Himachal Pradesh","","18-04-2023","5","2","10","","2","1","2","","0","5","0","0","0","0"
"586","Himachal Pradesh","Landslides and Mudflows","17-04-2023","4","6","30","","12","0","3","","0","2","0","0","0","0"
"587","Himachal Pradesh","Landslides and Mudflows","16-04-2023","2","1","5","","1","0","1","","0","0","0","0","0","0"
"588","Himachal Pradesh","Landslides and Mudflows","15-04-2023","6","3","15","","1","0","3","","0","0","0","0","0","0"
"589","Himachal Pradesh","Landslides and Mudflows","14-04-2023","7","5","25","","0","0","4","","0","1","0","0","0","0"
"590","Himachal Pradesh","Landslides and Mudflows","13-04-2023","6","3","15","","14","0","3","","0","0","0","0","0","0"
"591","Himachal Pradesh","Landslides and Mudflows","12-04-2023","4","3","15","","2","0","3","","0","0","0","0","0","0"
"592","Himachal Pradesh","Landslides and Mudflows","11-04-2023","5","2","10","","8","0","2","","0","0","0","0","0","0"
"593","Himachal Pradesh","Landslides and Mudflows","10-04-2023","3","20","100","","0","0","5","","0","17","0","0","0","0"
"594","Himachal Pradesh","Landslides and Mudflows","09-04-2023","5","5","25","","5","0","2","","0","2","0","0","0","0"
"595","Himachal Pradesh","Landslides and Mudflows","08-04-2023","2","2","10","","0","0","1","","0","1","0","0","0","0"
"596","Himachal Pradesh","Landslides and Mudflows","07-04-2023","5","5","25","","3","0","2","","0","0","0","0","0","0"
"597","Himachal Pradesh","Landslides and Mudflows","06-04-2023","6","12","60","","10","0","1","","0","1","0","0","0","0"
"598","Himachal Pradesh","Landslides and Mudflows","05-04-2023","3","5","25","","8","0","1","","0","0","0","0","0","0"
"599","Himachal Pradesh","Landslides and Mudflows","04-04-2023","5","6","30","","3","0","0","","0","0","0","0","0","0"
"600","Himachal Pradesh","Landslides and Mudflows","03-04-2023","3","5","25","","10","0","1","","0","0","0","0","0","0"
"601","Himachal Pradesh","Landslides and Mudflows","02-04-2023","4","5","25","","3","0","1","","0","0","0","0","0","0"
"602","Himachal Pradesh","Landslides and Mudflows","01-04-2023","4","5","25","","2","0","1","","0","0","0","0","0","0"
"603","Assam","Flood","28-10-2022","1","5","0","","0","0","0","","58","0","0","0","0","0"
"604","Assam","Flood","27-10-2022","1","10","0","","0","0","0","","318","0","0","0","0","0"
"605","Assam","Flood","26-10-2022","2","12","4352","","0","0","0","","453","0","0","0","2","0"
"606","Assam","Flood","25-10-2022","2","3","0","","0","0","0","","125","0","0","0","0","0"
"607","Assam","Flood","20-10-2022","1","2","0","","0","0","0","","50","0","0","0","0","0"
"608","Assam","Flood","19-10-2022","1","4","0","","0","0","0","","101","0","0","0","0","0"
"609","Assam","Flood","18-10-2022","2","10","0","","0","0","0","","229","0","0","0","0","0"
"610","Assam","Flood","17-10-2022","3","26","0","","0","0","0","","670","1","0","0","0","0"
"611","Assam","Flood","16-10-2022","4","61","0","","0","0","0","","1311.32","3","0","0","0","0"
"612","Assam","Flood","15-10-2022","9","265","0","","0","0","0","","6485.86","2","0","0","4","0"
"613","Bihar","Flood","15-10-2022","16","725","448000","","0","0","844","","37000","0","0","0","0","0"
"614","Bihar","Flood","14-10-2022","16","725","448000","","0","0","844","","37000","0","0","0","0","0"
"615","Assam","Flood","14-10-2022","11","283","41287","","0","0","1","","7017.31","9","0","0","14","0"
"616","Assam","Flood","13-10-2022","8","199","50836","","0","0","0","","3782.18","5","0","0","10","0"
"617","Bihar","Flood","13-10-2022","16","725","448000","","0","0","829","","37000","0","0","0","0","0"
"618","Bihar","Flood","12-10-2022","16","725","448000","","0","0","829","","29000","0","0","0","0","0"
"619","Assam","Flood","12-10-2022","5","110","69750","","0","0","0","","3021.4","2","0","0","22","0"
"620","Assam","Flood","11-10-2022","3","46","33836","","0","0","0","","1300","3","0","0","6","0"
"621","Bihar","Flood","11-10-2022","14","704","411000","","0","0","829","","10000","0","0","0","0","0"
"622","Bihar","Flood","10-10-2022","14","704","411000","","0","0","829","","9000","0","0","0","0","0"
"623","Assam","Flood","10-10-2022","3","32","23593","","0","0","0","","712","3","0","0","0","0"
"624","Assam","Flood","09-10-2022","1","1","470","","0","0","0","","0","0","0","0","0","0"
"625","Bihar","Flood","09-10-2022","14","704","411000","","0","0","829","","9000","0","0","0","0","0"
"626","Bihar","Flood","08-10-2022","14","704","411000","","0","0","829","","9000","0","0","0","0","0"
"627","Assam","Flood","08-10-2022","1","2","0","","0","0","0","","96.31","2","0","0","0","0"
"628","Bihar","Flood","07-10-2022","14","704","411000","","0","0","829","","9000","0","0","0","0","0"
"629","Assam","Flood","07-10-2022","1","1","265","","0","0","0","","104","0","0","0","0","0"
"630","Bihar","Flood","06-10-2022","14","704","411000","","0","0","829","","9000","0","0","0","0","0"
"631","Bihar","Flood","05-10-2022","14","704","411000","","0","0","829","","9000","0","0","0","0","0"
"632","Bihar","Flood","04-10-2022","14","704","411000","","0","0","829","","9000","0","0","0","0","0"
"633","Bihar","Flood","03-10-2022","14","704","411000","","0","0","829","","9000","0","0","0","0","0"
"634","Assam","Flood","03-10-2022","1","0","0","","0","0","0","","0","0","0","0","0","0"
"635","Bihar","Flood","02-10-2022","14","704","411000","","0","0","829","","9000","0","0","0","0","0"
"636","Bihar","Flood","01-10-2022","14","704","411000","","0","0","829","","9000","0","0","0","0","0"
"637","Bihar","Flood","28-09-2022","14","704","411000","","0","0","829","","9000","0","0","0","0","0"
"638","Bihar","Flood","27-09-2022","14","704","411000","","0","0","829","","10700","0","0","0","0","0"
"639","Bihar","Flood","26-09-2022","14","704","411000","","0","0","829","","10700","0","0","0","0","0"
"640","Bihar","Flood","25-09-2022","14","704","411000","","0","0","829","","10700","0","0","0","0","0"
"641","Bihar","Flood","24-09-2022","14","704","411000","","0","0","829","","10700","0","0","0","0","0"
"642","Assam","Flood","24-09-2022","1","2","0","","0","0","0","","983","0","0","0","0","0"
"643","Bihar","Flood","23-09-2022","14","704","411000","","0","0","829","","10700","0","0","0","0","0"
"644","Bihar","Flood","22-09-2022","14","704","411000","","0","0","829","","10700","0","0","0","0","0"
"645","Bihar","Flood","21-09-2022","14","704","411000","","0","0","829","","10700","0","0","0","0","0"
"646","Bihar","Flood","20-09-2022","14","704","411000","","0","0","829","","10700","0","0","0","0","0"
"647","Assam","Flood","20-09-2022","1","0","0","","0","0","0","","50","0","0","0","0","0"
"648","Bihar","Flood","19-09-2022","14","704","411000","","0","0","829","","10700","0","0","0","0","0"
"649","Bihar","Flood","18-09-2022","14","704","411000","","0","0","829","","10700","0","0","0","0","0"
"650","Assam","Flood","17-09-2022","1","3","0","","0","0","0","","22","0","0","0","0","0"
"651","Bihar","Flood","17-09-2022","14","704","411000","","0","0","825","","10700","0","0","0","0","0"
"652","Assam","Flood","16-09-2022","1","16","265","","0","0","0","","443","0","0","0","0","0"
"653","Bihar","Flood","16-09-2022","14","704","411000","","0","0","795","","10700","0","0","0","0","0"
"654","Bihar","Flood","15-09-2022","14","704","411000","","0","0","687","","10700","0","0","0","0","0"
"655","Assam","Flood","14-09-2022","1","2","1387","","0","0","0","","10","3","0","0","0","0"
"656","Bihar","Flood","14-09-2022","14","704","411000","","0","0","640","","10700","0","0","0","0","0"
"657","Assam","Flood","13-09-2022","2","2","1387","","0","0","0","","10","4","0","0","0","0"
"658","Bihar","Flood","13-09-2022","14","704","411000","","0","0","618","","10700","0","0","0","0","0"
"659","Bihar","Flood","12-09-2022","14","704","411000","","0","0","618","","10700","0","0","0","0","0"
"660","Bihar","Flood","11-09-2022","14","704","411000","","0","0","618","","10700","0","0","0","1","406"
"661","Assam","Flood","10-09-2022","1","2","816","","0","0","0","","127","1","0","0","0","0"
"662","Bihar","Flood","10-09-2022","14","704","411000","","0","0","618","","10700","0","0","0","1","406"
"663","Bihar","Flood","09-09-2022","14","704","411000","","0","0","618","","0","0","0","0","1","406"
"664","Assam","Flood","09-09-2022","2","7","816","","0","0","0","","150","1","0","0","2","0"
"665","Bihar","Flood","08-09-2022","14","702","411000","","0","0","613","","0","0","0","0","1","406"
"666","Assam","Flood","08-09-2022","3","12","816","","0","0","0","","153.5","6","0","0","2","0"
"667","Assam","Flood","07-09-2022","3","7","1039","","0","0","0","","138","1","0","0","0","0"
"668","Bihar","Flood","07-09-2022","14","690","405000","","0","0","571","","0","0","0","0","3","4306"
"669","Bihar","Flood","06-09-2022","14","689","405000","","0","0","571","","0","0","0","0","5","4701"
"670","Assam","Flood","06-09-2022","1","4","724","","0","0","0","","30","3","0","0","0","0"
"671","Bihar","Flood","05-09-2022","14","662","405000","","0","0","571","","0","0","0","0","3","901"
"672","Assam","Flood","05-09-2022","2","9","3241","","0","0","2","","317","6","0","0","0","0"
"673","Bihar","Flood","04-09-2022","14","628","376000","","0","0","571","","0","0","0","0","3","901"
"674","Assam","Flood","04-09-2022","2","6","2503","","0","0","0","","307","0","0","0","0","0"
"675","Bihar","Flood","03-09-2022","14","583","365000","","0","0","571","","0","0","0","0","3","887"
"676","Assam","Flood","03-09-2022","1","5","2480","","0","0","0","","291","0","0","0","0","0"
"677","Bihar","Flood","02-09-2022","13","506","293000","","0","0","571","","0","0","0","0","2","789"
"678","Bihar","Flood","01-09-2022","13","410","237000","","0","0","571","","0","0","0","0","2","789"
"679","Bihar","Flood","31-08-2022","10","269","146000","","0","0","571","","0","0","0","0","1","82"
"680","Bihar","Flood","30-08-2022","7","195","41000","","0","0","571","","0","0","0","0","0","0"
"681","Assam","Flood","30-08-2022","1","12","2494","","0","0","0","","682","0","0","0","0","0"
"682","Bihar","Flood","29-08-2022","6","184","37000","","0","0","571","","0","0","0","0","0","0"
"683","Bihar","Flood","28-08-2022","6","184","37000","","0","0","571","","0","0","0","0","0","0"
"684","Bihar","Flood","27-08-2022","6","184","37000","","0","0","571","","0","0","0","0","0","0"
"685","Bihar","Flood","26-08-2022","6","184","37000","","0","0","571","","0","0","0","0","0","0"
"686","Odisha","Flood","25-08-2022","2","34","75024","","0","0","0","","0","20","0","0","49","8986"
"687","Assam","Flood","25-08-2022","1","5","657","","0","0","0","","5.5","1","0","0","0","0"
"688","Bihar","Flood","25-08-2022","6","184","37000","","0","0","571","","0","0","0","0","0","0"
"689","Bihar","Flood","24-08-2022","6","184","37000","","0","0","570","","0","0","0","0","0","0"
"690","Odisha","Flood","24-08-2022","4","16","293749","","0","0","64","","0","35","0","0","34","7098"
"691","Bihar","Flood","23-08-2022","6","184","37000","","0","0","570","","0","0","0","0","0","0"
"692","Odisha","Flood","23-08-2022","5","408","86150","","0","0","268","","0","870","0","0","430","41929"
"693","Assam","Flood","23-08-2022","3","6","2568","","0","0","0","","0","0","0","0","0","0"
"694","Odisha","Flood","22-08-2022","6","1414","426104","","0","0","1235","","13543","2280","0","0","305","85935"
"695","Assam","Flood","22-08-2022","1","7","57","","0","0","1","","26","0","0","0","0","0"
"696","Odisha","Flood","21-08-2022","6","1022","293535","","0","0","1691","","1186","2010","0","0","70","10885"
"697","Odisha","Flood","20-08-2022","7","220","32776","","0","0","823","","0","380","0","0","298","27196"
"698","Odisha","Flood","19-08-2022","6","39","16353","","0","0","21","","0","95","0","0","237","14401"
"699","Assam","Flood","18-08-2022","1","1","250","","0","0","0","","0","0","0","0","0","0"
"700","Odisha","Flood","18-08-2022","13","798","495070","","0","0","883","","91658","1330","0","0","204","29835"
"701","Assam","Flood","17-08-2022","1","1","250","","0","0","0","","0","0","0","0","0","0"
"702","Odisha","Flood","17-08-2022","12","199","171233","","0","0","494","","7879.64","360","0","0","134","39455"
"703","Assam","Flood","16-08-2022","1","1","250","","0","0","0","","0","2","0","0","0","0"
"704","Odisha","Flood","16-08-2022","8","535","88739","","0","0","1205","","4223","1060","0","0","18","3215"
"705","Odisha","Flood","15-08-2022","12","414","58021","","0","0","627","","1264","950","0","0","8","816"
"706","Assam","Flood","15-08-2022","1","1","250","","0","0","0","","0","0","0","0","0","0"
"707","Assam","Flood","14-08-2022","1","1","250","","0","0","0","","0","0","0","0","0","0"
"708","Karnataka","Flood","14-08-2022","31","2","40","","0","0","23","","229594","64","0","0","7","287"
"709","Odisha","Flood","14-08-2022","9","1154","4898","","0","0","176","","14225","2100","0","0","8","1106"
"710","Assam","Flood","13-08-2022","1","1","425","","0","0","0","","0","0","0","0","0","0"
"711","Odisha","Flood","12-08-2022","2","90","20185","","0","0","28","","0","160","0","0","0","0"
"712","Karnataka","Flood","12-08-2022","1","4","268","","0","0","134","","52","28","0","0","7","268"
"713","Assam","Flood","12-08-2022","1","1","425","","0","0","0","","0","0","0","0","0","0"
"714","Assam","Flood","11-08-2022","3","4","510","","0","0","0","","15","1","0","0","1","42"
"715","Odisha","Flood","11-08-2022","1","4","28","","0","0","9","","105","0","0","0","0","0"
"716","Karnataka","Flood","11-08-2022","1","4","250","","0","0","84","","0","26","0","0","6","250"
"717","Odisha","Flood","10-08-2022","5","488","4574","","0","0","1214","","105","280","0","0","0","0"
"718","Assam","Flood","10-08-2022","2","2","510","","0","0","0","","0","0","0","0","1","42"
"719","Karnataka","Flood","10-08-2022","3","4","300","","0","1","38","","0","0","0","0","10","360"
"720","Assam","Flood","09-08-2022","2","2","510","","0","0","0","","0","4","0","0","1","42"
"721","Karnataka","Flood","09-08-2022","5","4","700","","0","1","229","","0","319","0","0","15","525"
"722","Odisha","Flood","09-08-2022","1","40","440","","0","0","107","","0","0","0","0","0","0"
"723","Odisha","Flood","08-08-2022","1","50","655","","0","0","238","","0","0","0","0","0","0"
"724","Assam","Flood","08-08-2022","2","6","425","","0","0","0","","75","2","0","0","0","0"
"725","Karnataka","Flood","08-08-2022","6","4","200","","0","1","114","","0","220","0","0","147","501"
"726","Karnataka","Flood","07-08-2022","5","7","300","","0","1","50","","0","313","0","0","7","296"
"727","Assam","Flood","07-08-2022","1","1","425","","0","0","0","","0","0","0","0","0","0"
"728","Assam","Flood","06-08-2022","2","3","757","","0","0","0","","0","2","0","0","2","138"
"729","Karnataka","Flood","06-08-2022","4","14","400","","0","0","330","","15378","819","0","0","7","197"
"730","Karnataka","Flood","05-08-2022","3","7","400","","0","0","751","","15378","759","0","0","7","256"
"731","Assam","Flood","05-08-2022","3","9","1119","","0","0","4","","10","9","0","0","5","234"
"732","Karnataka","Flood","04-08-2022","2","4","200","","0","1","114","","15","62","0","0","1","341"
"733","Assam","Flood","04-08-2022","6","16","2193","","0","0","0","","320","21","0","0","8","1299"
"734","Karnataka","Flood","03-08-2022","7","4","600","","0","0","268","","0","50","0","0","8","600"
"735","Assam","Flood","03-08-2022","9","80","23158","","0","0","0","","5004.5","15","0","0","16","1511"
"736","Assam","Flood","02-08-2022","8","91","36601","","0","0","0","","4323.32","40","0","0","21","1856"
"737","Karnataka","Flood","02-08-2022","5","7","491","","0","0","308","","58","56","0","0","5","491"
"738","Karnataka","Flood","01-08-2022","4","1","100","","0","0","140","","2","51","0","0","0","0"
"739","Assam","Flood","01-08-2022","9","99","35787","","0","0","1","","4683.28","27","0","0","26","1054"
"740","Karnataka","Flood","31-07-2022","4","6","60","","0","0","20","","0","0","0","0","0","0"
"741","Assam","Flood","31-07-2022","5","49","15505","","0","0","0","","554.7","3","0","0","7","420"
"742","Assam","Flood","30-07-2022","3","12","2569","","0","0","0","","201","7","0","0","2","76"
"743","Assam","Flood","29-07-2022","3","15","1990","","0","0","0","","75","1","0","0","11","190"
"744","Assam","Flood","28-07-2022","3","24","7829","","0","0","0","","98","6","0","0","21","192"
"745","Assam","Flood","27-07-2022","3","36","5476","","0","0","0","","248","1","0","0","2","143"
"746","Assam","Flood","26-07-2022","4","29","4557","","0","0","0","","176","1","0","0","6","278"
"747","Assam","Flood","25-07-2022","4","34","4854","","0","0","0","","186","44","0","0","8","537"
"748","Assam","Flood","24-07-2022","4","35","5169","","0","0","0","","196","3","0","0","6","542"
"749","Assam","Flood","23-07-2022","4","40","7720","","0","0","0","","200","1","0","0","12","656"
"750","Assam","Flood","22-07-2022","3","44","10122","","0","0","0","","210","1","0","0","7","1084"
"751","Andhra Pradesh","Flood","22-07-2022","6","465","360456","","0","0","0","","0","0","0","0","0","342"
"752","Assam","Flood","21-07-2022","4","55","17213","","0","0","0","","237","18","0","0","11","1253"
"753","Andhra Pradesh","Flood","21-07-2022","6","0","0","","0","0","7","","9.8","0","0","0","0","33"
"754","Andhra Pradesh","Flood","20-07-2022","6","2","0","","0","0","7","","712.92","0","0","0","0","0"
"755","Assam","Flood","20-07-2022","5","57","16462","","0","0","0","","250","15","0","0","18","1535"
"756","Odisha","Flood","20-07-2022","3","49","739","","0","0","154","","1755","105","0","0","0","0"
"757","Karnataka","Flood","19-07-2022","2","2","2137","","0","1","210","","16","0","0","0","10","884"
"758","Assam","Flood","19-07-2022","4","63","23088","","0","0","0","","270","8","0","0","18","1819"
"759","Andhra Pradesh","Flood","19-07-2022","6","18","3939","","0","0","0","","0","0","0","0","0","6783"
"760","Assam","Flood","18-07-2022","6","76","58523","","0","0","0","","382.2","7","0","0","27","3715"
"761","Karnataka","Flood","18-07-2022","7","2","2137","","0","1","412","","90","794","0","0","16","1446"
"762","Andhra Pradesh","Flood","18-07-2022","6","60","5443","","0","0","0","","662.46","0","0","0","0","18840"
"763","Odisha","Flood","18-07-2022","2","8","1425","","0","0","18","","0","21","0","0","1","15"
"764","Odisha","Flood","17-07-2022","1","72","9083","","0","0","44","","0","150","0","0","7","743"
"765","Andhra Pradesh","Flood","17-07-2022","6","45","159765","","0","0","0","","1515.7","0","0","0","0","15023"
"766","Odisha","Flood","16-07-2022","2","1","526","","0","0","1","","0","10","0","0","4","523"
"767","Andhra Pradesh","Flood","16-07-2022","6","1","1991","","0","0","18","","1976.4","0","0","0","0","7374"
"768","Karnataka","Flood","16-07-2022","6","4","11","","0","1","663","","542","526","0","0","13","1436"
"769","Odisha","Flood","15-07-2022","4","59","3020","","0","0","45","","0","120","0","0","2","203"
"770","Andhra Pradesh","Flood","15-07-2022","6","27","94624","","0","0","7","","5544.38","0","0","0","190","47350"
"771","Karnataka","Flood","15-07-2022","3","4","421","","2","0","394","","75","1626","0","0","4","721"
"772","Karnataka","Flood","14-07-2022","2","0","0","","2","0","359","","15","157","0","0","3","75"
"773","Odisha","Flood","14-07-2022","3","48","617","","0","0","145","","214","0","0","0","0","0"
"774","Odisha","Flood","13-07-2022","1","69","1373","","0","0","203","","270","0","0","0","0","0"
"775","Karnataka","Flood","12-07-2022","5","3","32","","0","2","341","","64","184","0","0","2","32"
"776","Karnataka","Flood","11-07-2022","6","3","200","","2","0","298","","35","356","0","0","2","11"
"777","Karnataka","Flood","10-07-2022","4","3","15","","0","2","122","","0","57","0","0","2","29"
"778","Andhra Pradesh","Flood","10-07-2022","6","252","83053","","0","0","13","","1581.53","0","0","0","30","14987"
"779","Karnataka","Flood","09-07-2022","4","6","175","","0","0","178","","0","95","0","0","2","23"
"780","Karnataka","Flood","07-07-2022","4","4","175","","0","0","158","","122","268","0","0","4","118"
"781","Karnataka","Flood","06-07-2022","3","0","0","","1","1","76","","0","91","0","0","0","0"
"782","Karnataka","Flood","04-07-2022","4","0","0","","0","0","24","","0","126","0","0","0","0"
"783","Karnataka","Flood","02-07-2022","2","0","0","","0","0","14","","0","0","0","0","0","0"
"784","Assam","Flood","19-05-2022","25","1790","717588","","0","2","4042","","63970.6","","0","0","359","80298"
"785","Assam","Flood","18-05-2022","23","1413","662385","","0","0","814","","46160.4","118","0","0","248","48304"
"786","Kerala","Flood","01-10-2021","1","0","0","","0","0","1","","0","0","0","0","9","452"
"787","Himachal Pradesh","Flood","18-08-2021","2","0","0","","0","0","0","","","0","0","0","","0"
"788","Karnataka","Flood","16-08-2021","2","0","0","","0","0","20","","0","0","0","0","13","1020"
"789","Uttar Pradesh","Flood","12-08-2021","23","1180","253841","","1","0","58","","19987","0","0","0","982","13946"
"790","Kerala","Flood","12-08-2021","1","0","0","","0","2","1","","","0","0","0","10","480"
"791","Assam","Earthquake","28-04-2021","1","0","0","","10","0","10","","0","0","0","0","0","0"
"792","Assam","Forest Fire","02-04-2021","1","0","0","","0","0","0","","0","0","0","0","0","0"